2,1110.2071437835693,-13.563149452209473,-34.27644729614258,30.939708709716797
0,1110.5119094848633,0.0010593384504318237,-0.00016657961532473564,-0.0009867099579423666
1,1110.5119094848633,0.013819416984915733,-0.014714779332280159,0.9998881816864014
2,1110.5119094848633,-13.920181274414062,-34.64808654785156,30.726289749145508
0,1110.8171570301056,-0.001384030096232891,-0.0001666403841227293,0.0005402913084253669
1,1110.8171570301056,0.015031646937131882,-0.013991101644933224,1.0013504028320312
2,1110.8171570301056,-13.971833229064941,-34.47037887573242,31.058006286621094
0,1111.1226801872253,-0.0007729697972536087,0.0013601540122181177,0.000540052424184978
1,1111.1226801872253,0.014061863534152508,-0.013267423957586288,1.0015939474105835
2,1111.1226801872253,-13.575547218322754,-34.480873107910156,30.934307098388672
0,1111.4286801815033,-0.0001621907576918602,0.0010544555261731148,-0.0019034933065995574
1,1111.4286801815033,0.014546754769980907,-0.013991101644933224,1.000375509262085
2,1111.4286801815033,-13.975037574768066,-34.27473449707031,31.9925479888916
0,1111.7337906360626,-0.0010781902819871902,0.0007489882409572601,-7.103370444383472e-05
1,1111.7337906360626,0.015516539104282856,-0.01374987605959177,0.9996444582939148
2,1111.7337906360626,-14.052687644958496,-34.55522537231445,31.47490119934082
0,1112.0388977527618,-0.0004673618823289871,0.0010541039519011974,0.0005395158077590168
1,1112.0388977527618,0.013819416984915733,-0.014232328161597252,1.0006192922592163
2,1112.0388977527618,-13.807826042175293,-34.50242233276367,30.945463180541992
0,1112.3473727703094,-0.0013835672289133072,0.0007485083770006895,0.001149962772615254
1,1112.3473727703094,0.014304309152066708,-0.013508650474250317,1.000375509262085
2,1112.3473727703094,-13.686609268188477,-34.52074432373047,31.212718963623047
0,1112.6537058353424,0.00044894032180309296,0.0010540604125708342,0.0017603840678930283
1,1112.6537058353424,0.013334525749087334,-0.01519723143428564,1.0001319646835327
2,1112.6537058353424,-13.714622497558594,-34.512474060058594,31.242647171020508
0,1112.9722924232483,-0.0007727500051259995,0.0016646855510771275,0.000843873480334878
1,1112.9722924232483,0.015031646937131882,-0.015438457019627094,0.9996444582939148
2,1112.9722924232483,-13.595396995544434,-34.90089416503906,31.638996124267578
0,1113.2812938690186,-0.0007728375494480133,-0.00016807299107313156,0.00023282117035705596
1,1113.2812938690186,0.01600143127143383,-0.014714779332280159,1.0020813941955566
2,1113.2812938690186,-13.76685905456543,-34.94503402709961,31.81008529663086
0,1113.586401939392,-0.000773104839026928,-0.0013897358439862728,-7.287545304279774e-05
1,1113.586401939392,0.014546754769980907,-0.013991101644933224,1.0011066198349
2,1113.586401939392,-13.303244590759277,-35.01799011230469,32.25046920776367
0,1113.8914349079132,0.0013646828010678291,0.0010533572640269995,0.0014538697432726622
1,1113.8914349079132,0.015031646937131882,-0.01374987605959177,1.0011066198349
2,1113.8914349079132,-13.651752471923828,-34.698265075683594,32.59717559814453
0,1114.196352481842,0.0004482213407754898,0.0001370247919112444,0.00023197807604447007
1,1114.196352481842,0.015031646937131882,-0.014473553746938705,0.999400794506073
2,1114.196352481842,-13.67829418182373,-34.61814880371094,32.34115219116211
0,1114.5013208389282,0.001058998517692089,0.00044239754788577557,0.0008425281848758459
1,1114.5013208389282,0.014789201319217682,-0.013991101644933224,1.000375509262085
2,1114.5013208389282,-13.193199157714844,-34.36249542236328,31.828458786010742
0,1114.8062434196472,-0.0013843700289726257,-0.00016873329877853394,0.0011476970976218581
1,1114.8062434196472,0.014789201319217682,-0.013991101644933224,1.000862956047058
2,1114.8062434196472,-13.334212303161621,-34.518638610839844,31.959142684936523
0,1115.1148235797882,-0.0019950661808252335,0.00013669044710695744,0.0020633721724152565
1,1115.1148235797882,0.013576971367001534,-0.013267423957586288,1.0006192922592163
2,1115.1148235797882,-13.462239265441895,-34.29289245605469,31.267196655273438
0,1115.4198894500732,0.0013648876920342445,-0.0007797954604029655,0.0026738711167126894
1,1115.4198894500732,0.014546754769980907,-0.013508650474250317,1.0030561685562134
2,1115.4198894500732,-13.704485893249512,-34.30485916137695,31.217304229736328
0,1115.7250907421112,0.0001432495191693306,-0.001085313968360424,0.0008407553541474044
1,1115.7250907421112,0.014304309152066708,-0.014232328161597252,1.0030561685562134
2,1115.7250907421112,-13.89348030090332,-34.40519714355469,31.634586334228516
0,1116.0298962593079,0.00014334172010421753,0.000441789161413908,0.001451203366741538
1,1116.0298962593079,0.015031646937131882,-0.01374987605959177,1.0037872791290283
2,1116.0298962593079,-13.912699699401855,-34.28135299682617,30.597675323486328
0,1116.337239265442,-0.0010784249752759933,-0.00047446624375879765,0.0008400236256420612
1,1116.337239265442,0.01309207919985056,-0.01374987605959177,1.004762053489685
2,1116.337239265442,-13.915132522583008,-34.492374420166016,30.85698127746582
0,1116.644386768341,-0.002300037071108818,0.0013579668011516333,0.0005344305536709726
1,1116.644386768341,0.014546754769980907,-0.01374987605959177,1.0013504028320312
2,1116.644386768341,-13.653395652770996,-34.637298583984375,31.182722091674805
0,1116.9518995285034,-0.0007724743336439133,0.001357624540105462,0.0023666094057261944
1,1116.9518995285034,0.013576971367001534,-0.01374987605959177,1.0035436153411865
2,1116.9518995285034,-13.520210266113281,-34.316158294677734,30.64548110961914
0,1117.2633066177368,-0.0004670005291700363,0.00013580825179815292,-0.0006879542488604784
1,1117.2633066177368,0.015516539104282856,-0.014232328161597252,1.0040310621261597
2,1117.2633066177368,-13.597691535949707,-34.592350006103516,31.168466567993164
0,1117.5709686279297,-0.0010775420814752579,0.0013571709860116243,-7.730051584076136e-05
1,1117.5709686279297,0.014304309152066708,-0.013508650474250317,1.0020813941955566
2,1117.5709686279297,-13.709137916564941,-34.2955322265625,31.476259231567383
0,1117.8826098442078,0.00044950656592845917,0.00044053117744624615,0.000838837178889662
1,1117.8826098442078,0.014304309152066708,-0.014473553746938705,1.0032999515533447
2,1117.8826098442078,-13.545062065124512,-34.2990608215332,30.663190841674805
0,1118.1905143260956,0.0013654856011271477,0.0010512596927583218,0.0008451188332401216
1,1118.1905143260956,0.014304309152066708,-0.01374987605959177,1.0020813941955566
2,1118.1905143260956,-13.496954917907715,-34.779266357421875,31.012033462524414
0,1118.501936674118,0.0007545836269855499,-0.0013923381920903921,0.001455565681681037
1,1118.501936674118,0.015274092555046082,-0.014714779332280159,1.0030561685562134
2,1118.501936674118,-13.62431812286377,-34.60282516479492,31.362611770629883
0,1118.807034254074,-0.0007722824811935425,0.0010509609710425138,0.0008445389103144407
1,1118.807034254074,0.014546754769980907,-0.01374987605959177,1.0015939474105835
2,1118.807034254074,-13.83349323272705,-34.365455627441406,30.964265823364258
0,1119.1118049621582,0.001365787349641323,0.00013473164290189743,0.0029823286458849907
1,1119.1118049621582,0.015031646937131882,-0.012784972786903381,1.0025688409805298
2,1119.1118049621582,-13.820558547973633,-34.336769104003906,31.638717651367188
0,1119.4168224334717,-0.0022990042343735695,-0.0013922343496233225,0.0011494944337755442
1,1119.4168224334717,0.014789201319217682,-0.013991101644933224,1.0045183897018433
2,1119.4168224334717,-13.889037132263184,-34.76181411743164,31.23035430908203
0,1119.7365808486938,-0.0007717497646808624,-0.00017043482512235641,0.0008436180651187897
1,1119.7365808486938,0.014546754769980907,-0.013991101644933224,1.002325177192688
2,1119.7365808486938,-13.712815284729004,-34.80636978149414,31.355499267578125
0,1120.046887397766,0.00014435872435569763,0.00196714885532856,0.0008433027542196214
1,1120.046887397766,0.015274092555046082,-0.013026198372244835,1.0040310621261597
2,1120.046887397766,-13.608323097229004,-34.48329544067383,31.03447723388672
0,1120.354689836502,-0.002604185603559017,-0.000476346118375659,0.002064666710793972
1,1120.354689836502,0.014546754769980907,-0.013026198372244835,1.0020813941955566
2,1120.354689836502,-13.575188636779785,-34.61789321899414,31.751792907714844
0,1120.6621658802032,-0.0032146256417036057,-0.0013925496023148298,0.0017587648471817374
1,1120.6621658802032,0.014304309152066708,-0.013508650474250317,1.0028126239776611
2,1120.6621658802032,-13.374871253967285,-34.4946174621582,31.65656280517578
0,1120.9742305278778,-0.001076582819223404,-0.00047633680514991283,0.0008422803366556764
1,1120.9742305278778,0.014061863534152508,-0.014473553746938705,1.0015939474105835
2,1120.9742305278778,-13.353784561157227,-34.367244720458984,32.48979568481445
0,1121.281681060791,0.0019776816479861736,0.0004395679570734501,0.002681079786270857
1,1121.281681060791,0.013334525749087334,-0.014956005848944187,1.0037872791290283
2,1121.281681060791,-13.407857894897461,-35.1446647644043,31.417579650878906
0,1121.593262910843,-0.0010765790939331055,-0.0010877314489334822,0.0008418289944529533
1,1121.593262910843,0.014789201319217682,-0.013991101644933224,1.0035436153411865
2,1121.593262910843,-13.445685386657715,-35.26355743408203,31.035747528076172
0,1121.9009108543396,-0.0007710810750722885,0.0010498268529772758,0.0026739558670669794
1,1121.9009108543396,0.013819416984915733,-0.012543746270239353,1.0025688409805298
2,1121.9009108543396,-13.619478225708008,-34.74596405029297,31.2576847076416
0,1122.2120854854584,-0.0007709115743637085,0.00104945944622159,0.0008410710725001991
1,1122.2120854854584,0.015274092555046082,-0.01374987605959177,1.0015939474105835
2,1122.2120854854584,-13.221900939941406,-34.56890106201172,30.85015869140625
0,1122.5194671154022,-0.0016870144754648209,-0.0007831440307199955,0.0011461633257567883
1,1122.5194671154022,0.015031646937131882,-0.014473553746938705,1.0028126239776611
2,1122.5194671154022,-13.339917182922363,-34.71002197265625,31.50293731689453
0,1122.8268113136292,-0.00015976093709468842,-0.00047748861834406853,0.0014510503970086575
1,1122.8268113136292,0.014061863534152508,-0.012784972786903381,1.0035436153411865
2,1122.8268113136292,-13.498485565185547,-34.531002044677734,31.08706283569336
0,1123.1315159797668,-0.0007706107571721077,-0.0007830827962607145,0.0011389129795134068
1,1123.1315159797668,0.014304309152066708,-0.013267423957586288,1.0011066198349
2,1123.1315159797668,-13.793737411499023,-34.42224884033203,30.79854965209961
0,1123.4360806941986,-0.0004650093615055084,0.001354757696390152,0.0002223536284873262
1,1123.4360806941986,0.01260718796402216,-0.013267423957586288,1.0015939474105835
2,1123.4360806941986,-13.695234298706055,-34.6413459777832,31.003690719604492
0,1123.7410910129547,-0.00199190154671669,0.0004381956532597542,0.0020546368323266506
1,1123.7410910129547,0.01309207919985056,-0.014232328161597252,1.002325177192688
2,1123.7410910129547,-13.664068222045898,-34.35551071166992,31.006343841552734
0,1124.0457816123962,-0.00046480074524879456,-0.000783414114266634,0.0011379235656931996
1,1124.0457816123962,0.013576971367001534,-0.013508650474250317,1.0030561685562134
2,1124.0457816123962,-13.7861328125,-34.57158279418945,30.54854965209961
0,1124.350564956665,-0.002602660097181797,0.00135447783395648,0.0023592901416122913
1,1124.350564956665,0.014789201319217682,-0.012784972786903381,1.0013504028320312
2,1124.350564956665,-13.599264144897461,-34.50071716308594,30.51547622680664
0,1124.6554336547852,-0.0010754568502306938,-0.0010888881515711546,0.0011371702421456575
1,1124.6554336547852,0.015031646937131882,-0.013508650474250317,1.0013504028320312
2,1124.6554336547852,-13.585365295410156,-34.62421417236328,31.156036376953125
0,1124.9622123241425,-0.0010751858353614807,0.0013544880785048008,0.0014420595252886415
1,1124.9622123241425,0.01575898379087448,-0.014232328161597252,1.0013504028320312
2,1124.9622123241425,-13.58167552947998,-34.397743225097656,30.909666061401367
0,1125.270045042038,0.0016735168173909187,0.001354249194264412,0.0020524843130260706
1,1125.270045042038,0.013819416984915733,-0.013508650474250317,1.0020813941955566
2,1125.270045042038,-13.922428131103516,-34.468746185302734,31.104555130004883
0,1125.5887212753296,0.0007572583854198456,0.0013539332430809736,0.001746636931784451
1,1125.5887212753296,0.014061863534152508,-0.01374987605959177,1.0020813941955566
2,1125.5887212753296,-13.777937889099121,-34.36864471435547,31.21265983581543
0,1125.8987951278687,0.00045191776007413864,0.00043752510100603104,0.0005245688371360302
1,1125.8987951278687,0.01260718796402216,-0.013508650474250317,1.0040310621261597
2,1125.8987951278687,-13.732161521911621,-34.77796173095703,31.411102294921875
0,1126.2064728736877,0.00045218877494335175,-0.0010894660372287035,0.002662156941369176
1,1126.2064728736877,0.014789201319217682,-0.013508650474250317,1.0020813941955566
2,1126.2064728736877,-13.36204719543457,-34.528587341308594,30.69640350341797
0,1126.5226027965546,0.0004520490765571594,-0.0010895763989537954,-0.07643856108188629
1,1126.5226027965546,0.015031646937131882,-0.013508650474250317,1.0013504028320312
2,1126.5226027965546,-13.398313522338867,-34.61784362792969,30.467947006225586
0,1126.8316457271576,-0.0016859136521816254,0.002269790042191744,0.0005301253986544907
1,1126.8316457271576,0.015516539104282856,-0.013508650474250317,1.0025688409805298
2,1126.8316457271576,-13.508855819702148,-34.4566650390625,31.159433364868164
0,1127.1473715305328,-0.001380440779030323,-0.00047934241592884064,0.0023620484862476587
1,1127.1473715305328,0.01575898379087448,-0.014232328161597252,1.0015939474105835
2,1127.1473715305328,-13.847583770751953,-34.45283508300781,31.02849578857422
0,1127.4522964954376,-0.0004642317071557045,0.001964111113920808,0.00022391241509467363
1,1127.4522964954376,0.015031646937131882,-0.013508650474250317,1.000862956047058
2,1127.4522964954376,-13.665972709655762,-34.91130065917969,31.441984176635742
0,1127.757560491562,-0.0029074987396597862,-0.002617231570184231,0.0023616021499037743
1,1127.757560491562,0.01600143127143383,-0.014232328161597252,1.0018377304077148
2,1127.757560491562,-13.71468448638916,-34.647274017333984,31.115352630615234
0,1128.062308549881,-0.0029071252793073654,0.0004370871465653181,0.0026664650067687035
1,1128.062308549881,0.013576971367001534,-0.014232328161597252,1.0020813941955566
2,1128.062308549881,-13.610593795776367,-34.67903518676758,30.96768569946289
0,1128.3674228191376,0.0013686632737517357,0.0019637292716652155,0.0020552868954837322
1,1128.3674228191376,0.015274092555046082,-0.013267423957586288,1.0015939474105835
2,1128.3674228191376,-13.646705627441406,-34.76253890991211,31.04018211364746
0,1128.6740126609802,-0.001074603758752346,-0.0001745373010635376,0.0011386761907488108
1,1128.6740126609802,0.014789201319217682,-0.013026198372244835,1.0025688409805298
2,1128.6740126609802,-13.491941452026367,-34.343170166015625,30.626972198486328
0,1128.981198310852,0.0004523172974586487,0.0016578456852585077,0.0017491774633526802
1,1128.981198310852,0.01309207919985056,-0.013267423957586288,1.0020813941955566
2,1128.981198310852,-13.357783317565918,-34.28634262084961,30.480358123779297
0,1129.2926621437073,-0.001685645431280136,-0.000480087473988533,-0.0007007551030255854
1,1129.2926621437073,0.014546754769980907,-0.013991101644933224,1.0020813941955566
2,1129.2926621437073,-13.74996566772461,-34.21295166015625,30.130781173706055
0,1129.600346326828,-0.0001582624390721321,0.0022683884017169476,0.0008263023919425905
1,1129.600346326828,0.014789201319217682,-0.013267423957586288,1.0013504028320312
2,1129.600346326828,-13.807558059692383,-34.290889739990234,31.0506649017334
0,1129.9077987670898,-0.0016852319240570068,0.001046496443450451,0.0032692470122128725
1,1129.9077987670898,0.014304309152066708,-0.013267423957586288,1.0006192922592163
2,1129.9077987670898,-13.881375312805176,-34.31619644165039,31.45691680908203
0,1130.2192335128784,0.0007581925019621849,0.001657174900174141,0.00204068748280406
1,1130.2192335128784,0.015031646937131882,-0.01374987605959177,1.0037872791290283
2,1130.2192335128784,-13.739340782165527,-34.466941833496094,30.917219161987305
0,1130.5266966819763,-0.0016852794215083122,-0.0007862416096031666,0.0008185196202248335
1,1130.5266966819763,0.01600143127143383,-0.013991101644933224,1.000862956047058
2,1130.5266966819763,-13.603254318237305,-34.54365158081055,30.19445037841797
0,1130.8377223014832,-0.00015802588313817978,0.00012976652942597866,0.0005063368007540703
1,1130.8377223014832,0.015031646937131882,-0.014473553746938705,1.002325177192688
2,1130.8377223014832,-13.95357894897461,-35.07590866088867,31.12657356262207
0,1131.1445786952972,0.00045277737081050873,-0.0013974038884043694,0.0017278882442042232
1,1131.1445786952972,0.014789201319217682,-0.013991101644933224,1.0028126239776611
2,1131.1445786952972,-13.715689659118652,-35.31240463256836,31.339149475097656
0,1131.4495449066162,-0.0016852375119924545,-0.00048088189214468,-0.00041039593634195626
1,1131.4495449066162,0.014789201319217682,-0.013991101644933224,1.0028126239776611
2,1131.4495449066162,-13.526274681091309,-34.86796188354492,30.5692138671875
0,1131.7546350955963,-0.0032120784744620323,-0.0007860902696847916,0.0020326809026300907
1,1131.7546350955963,0.01575898379087448,-0.014232328161597252,1.0013504028320312
2,1131.7546350955963,-13.584202766418457,-34.65021514892578,29.9231014251709
0,1132.0599019527435,-0.0004629911854863167,-0.00017525791190564632,0.001421508495695889
1,1132.0599019527435,0.014304309152066708,-0.014714779332280159,1.0035436153411865
2,1132.0599019527435,-13.308942794799805,-34.70463943481445,30.483470916748047
0,1132.3653135299683,-0.0007681790739297867,-0.00048077479004859924,0.0005049036699347198
1,1132.3653135299683,0.014789201319217682,-0.01374987605959177,1.0028126239776611
2,1132.3653135299683,-13.378640174865723,-35.05106735229492,30.39414405822754
0,1132.6706774234772,0.00014803092926740646,0.0004353621043264866,0.0014207919593900442
1,1132.6706774234772,0.013819416984915733,-0.014956005848944187,1.000862956047058
2,1132.6706774234772,-13.168051719665527,-34.553810119628906,30.30173110961914
0,1132.9758796691895,-0.0026007965207099915,0.0016568286810070276,0.00019898562459275126
1,1132.9758796691895,0.015274092555046082,-0.014232328161597252,1.0011066198349
2,1132.9758796691895,-13.265335083007812,-34.71482467651367,30.466691970825195
0,1133.28093957901,-0.00046275462955236435,-0.0010922257788479328,0.0020313516724854708
1,1133.28093957901,0.014789201319217682,-0.013508650474250317,1.0018377304077148
2,1133.28093957901,-13.133477210998535,-34.69597625732422,30.9824161529541
0,1133.5880892276764,0.0010641664266586304,0.001045744400471449,0.0005041382974013686
1,1133.5880892276764,0.015274092555046082,-0.014232328161597252,1.0011066198349
2,1133.5880892276764,-13.450446128845215,-34.72152328491211,31.167987823486328
0,1133.8955183029175,-0.0004627266898751259,-0.00048132287338376045,0.000503934221342206
1,1133.8955183029175,0.015031646937131882,-0.013991101644933224,1.0013504028320312
2,1133.8955183029175,-13.417469024658203,-34.410987854003906,30.815378189086914
0,1134.2031993865967,0.0007587093859910965,-0.001397525193169713,0.001121062901802361
1,1134.2031993865967,0.015274092555046082,-0.014714779332280159,1.0015939474105835
2,1134.2031993865967,-13.578065872192383,-34.199859619140625,30.64612579345703
0,1134.5110754966736,-0.001990041695535183,0.0019619446247816086,0.001114287762902677
1,1134.5110754966736,0.015031646937131882,-0.012784972786903381,1.0013504028320312
2,1134.5110754966736,-13.512746810913086,-34.18793869018555,31.148794174194336
0,1134.8196096420288,-0.00015740655362606049,-0.0007868530228734016,0.00019768333004321903
1,1134.8196096420288,0.015274092555046082,-0.013508650474250317,1.0006192922592163
2,1134.8196096420288,-13.471500396728516,-34.411190032958984,31.69053077697754
0,1135.1278755664825,0.0004535503685474396,0.0001293863169848919,0.001113572041504085
1,1135.1278755664825,0.014789201319217682,-0.012784972786903381,1.0025688409805298
2,1135.1278755664825,-13.531678199768066,-34.80002975463867,31.038496017456055
0,1135.4395203590393,-0.002295123413205147,-0.0004815114662051201,0.0004959591897204518
1,1135.4395203590393,0.015516539104282856,-0.013026198372244835,1.0035436153411865
2,1135.4395203590393,-13.509039878845215,-34.789608001708984,30.859851837158203
0,1135.7490448951721,-0.001073070801794529,-0.001397842075675726,0.0008013694314286113
1,1135.7490448951721,0.015031646937131882,-0.014956005848944187,1.0018377304077148
2,1135.7490448951721,-13.503596305847168,-34.65566635131836,30.90350341796875
0,1136.0590419769287,-0.0013781562447547913,0.00043474696576595306,0.0011063690762966871
1,1136.0590419769287,0.015031646937131882,-0.012543746270239353,1.0037872791290283
2,1136.0590419769287,-13.391500473022461,-34.66836929321289,31.47040367126465
0,1136.3676490783691,-0.0022940803319215775,0.0010457334574311972,0.0014112149365246296
1,1136.3676490783691,0.015031646937131882,-0.013026198372244835,1.0028126239776611
2,1136.3676490783691,-13.642993927001953,-34.74451446533203,31.387115478515625
0,1136.6744968891144,-0.00015611574053764343,-0.000787022989243269,0.002320792293176055
1,1136.6744968891144,0.015031646937131882,-0.013991101644933224,1.000375509262085
2,1136.6744968891144,-13.37516975402832,-34.374732971191406,31.20741081237793
0,1136.984789609909,-0.0013777818530797958,0.001045488752424717,-0.00012284315016586334
1,1136.984789609909,0.015516539104282856,-0.01374987605959177,1.0013504028320312
2,1136.984789609909,-13.576054573059082,-34.55232238769531,31.295412063598633
0,1137.2900049686432,-0.0004613930359482765,0.0004344882909208536,0.0014039402594789863
1,1137.2900049686432,0.014546754769980907,-0.013991101644933224,1.0020813941955566
2,1137.2900049686432,-13.570064544677734,-34.46009063720703,31.30184555053711
0,1137.594882965088,-0.00015592016279697418,-0.00048184231854975224,0.002319909865036607
1,1137.594882965088,0.014061863534152508,-0.014473553746938705,1.0013504028320312
2,1137.594882965088,-13.636034965515137,-34.611549377441406,30.859617233276367
0,1137.900120973587,-0.0007666442543268204,0.0013507464900612831,0.00018163038475904614
1,1137.900120973587,0.015516539104282856,-0.014473553746938705,1.0018377304077148
2,1137.900120973587,-13.488327980041504,-34.44459533691406,31.186126708984375
0,1138.2052211761475,0.000760531984269619,-0.000482009956613183,0.001097805448807776
1,1138.2052211761475,0.014304309152066708,-0.014473553746938705,1.000862956047058
2,1138.2052211761475,-13.599712371826172,-35.061893463134766,31.25942039489746
0,1138.5105667114258,-0.00046118441969156265,0.00043410155922174454,0.0004868174728471786
1,1138.5105667114258,0.013576971367001534,-0.013508650474250317,1.0011066198349
2,1138.5105667114258,-13.630683898925781,-34.89326858520508,31.166147232055664
0,1138.8153777122498,-0.001682773232460022,-0.0010929913260042667,0.0020136525854468346
1,1138.8153777122498,0.014789201319217682,-0.013267423957586288,1.0001319646835327
2,1138.8153777122498,-13.903379440307617,-35.4214973449707,30.60249900817871
0,1139.1244413852692,-0.0010717147961258888,-0.0004821070469915867,0.0010970011353492737
1,1139.1244413852692,0.01648632250726223,-0.013508650474250317,1.000862956047058
2,1139.1244413852692,-13.971051216125488,-35.2518424987793,31.251131057739258
0,1139.4293274879456,-0.0013770312070846558,-0.0007875717710703611,0.001707795076072216
1,1139.4293274879456,0.015031646937131882,-0.013991101644933224,1.0015939474105835
2,1139.4293274879456,-13.721552848815918,-35.00624084472656,31.763519287109375
0,1139.73468875885,-0.00015497952699661255,0.0010449914261698723,0.0017074672505259514
1,1139.73468875885,0.01575898379087448,-0.012784972786903381,1.0006192922592163
2,1139.73468875885,-13.607657432556152,-34.94560623168945,31.13975715637207
0,1140.0395874977112,-0.00046037230640649796,0.00012858398258686066,0.00109629996586591
1,1140.0395874977112,0.015031646937131882,-0.012061295099556446,0.9998881816864014
2,1140.0395874977112,-13.68790054321289,-34.9974365234375,30.9351806640625
0,1140.3448963165283,0.0007612425833940506,0.0010447213426232338,0.0017067347653210163
1,1140.3448963165283,0.01575898379087448,-0.014714779332280159,1.0030561685562134
2,1140.3448963165283,-13.73105239868164,-35.18077087402344,30.810766220092773
0,1140.6500313282013,-0.000154862180352211,0.000739051029086113,0.0014008719008415937
1,1140.6500313282013,0.013334525749087334,-0.013267423957586288,1.0028126239776611
2,1140.6500313282013,-13.932914733886719,-35.195770263671875,31.014026641845703
0,1140.9552292823792,0.0004558628425002098,0.0013498582411557436,0.0007898588664829731
1,1140.9552292823792,0.01648632250726223,-0.013508650474250317,1.0025688409805298
2,1140.9552292823792,-13.960271835327148,-35.07149887084961,30.59393310546875
0,1141.2671992778778,-0.001682075671851635,-0.0007880995981395245,0.0017058036755770445
1,1141.2671992778778,0.014789201319217682,-0.01374987605959177,1.0025688409805298
2,1141.2671992778778,-13.828802108764648,-34.80290603637695,30.6226863861084
0,1141.57701420784,-0.0013765012845396996,-0.0007882856298238039,0.00048387417336925864
1,1141.57701420784,0.01575898379087448,-0.012784972786903381,1.002325177192688
2,1141.57701420784,-13.444870948791504,-34.783634185791016,31.08182144165039
0,1141.881647825241,-0.0010707983747124672,0.0016547322738915682,0.0007893387810327113
1,1141.881647825241,0.014304309152066708,-0.01374987605959177,1.004762053489685
2,1141.881647825241,-13.76211166381836,-34.74509048461914,31.09264373779297
0,1142.1866059303284,0.00045663490891456604,0.0013491648714989424,0.0010944954119622707
1,1142.1866059303284,0.015516539104282856,-0.014232328161597252,1.0035436153411865
2,1142.1866059303284,-13.689356803894043,-35.12705993652344,30.943927764892578
0,1142.4932117462158,-0.0007647499442100525,0.002265250775963068,0.0013995751505717635
1,1142.4932117462158,0.013819416984915733,-0.013508650474250317,1.000375509262085
2,1142.4932117462158,-13.842084884643555,-35.279083251953125,31.017751693725586
0,1142.7998218536377,0.0013730097562074661,-0.00017821649089455605,0.0026210041251033545
1,1142.7998218536377,0.012364741414785385,-0.014956005848944187,1.0011066198349
2,1142.7998218536377,-13.674750328063965,-34.61740493774414,30.879993438720703
0,1143.1072521209717,0.0010676933452486992,0.001043533207848668,0.0007881840574555099
1,1143.1072521209717,0.015031646937131882,-0.013267423957586288,1.000375509262085
2,1143.1072521209717,-13.530617713928223,-34.73344039916992,30.871444702148438
0,1143.4183464050293,-0.000764838419854641,0.00043263589031994343,0.00017712012049742043
1,1143.4183464050293,0.014061863534152508,-0.01374987605959177,1.000862956047058
2,1143.4183464050293,-13.909026145935059,-34.97732925415039,30.39933204650879
0,1143.7257487773895,-0.0010702051222324371,0.0013486705720424652,0.0013985492987558246
1,1143.7257487773895,0.01309207919985056,-0.013267423957586288,1.0013504028320312
2,1143.7257487773895,-13.44131851196289,-34.797237396240234,30.69964599609375
0,1144.0327694416046,-0.0007647862657904625,-0.0004837261512875557,-0.0010448278626427054
1,1144.0327694416046,0.014789201319217682,-0.013508650474250317,1.0028126239776611
2,1144.0327694416046,-13.274166107177734,-35.54977798461914,31.07870101928711
0,1144.3442106246948,-0.0013754833489656448,0.002265084069222212,0.0017035847995430231
1,1144.3442106246948,0.014546754769980907,-0.012784972786903381,1.002325177192688
2,1144.3442106246948,-13.619114875793457,-34.83467102050781,30.77753448486328
0,1144.6492400169373,-0.00015363749116659164,0.0004322766326367855,-0.00012908106145914644
1,1144.6492400169373,0.015031646937131882,-0.013267423957586288,1.0030561685562134
2,1144.6492400169373,-13.661849975585938,-34.77349090576172,30.78233528137207
0,1144.9543900489807,-0.001985938288271427,-0.0029272830579429865,0.00017617880075704306
1,1144.9543900489807,0.014061863534152508,-0.013508650474250317,1.0011066198349
2,1144.9543900489807,-13.667235374450684,-34.56471633911133,31.12677001953125
0,1145.2595670223236,-0.0022910749539732933,-0.0007890812121331692,0.001397710875608027
1,1145.2595670223236,0.015274092555046082,-0.013991101644933224,1.0030561685562134
2,1145.2595670223236,-13.334314346313477,-34.71037292480469,31.354881286621094
0,1145.5642812252045,0.001679535023868084,0.0028758980333805084,0.0020084292627871037
1,1145.5642812252045,0.015031646937131882,-0.014232328161597252,1.0015939474105835
2,1145.5642812252045,-13.069804191589355,-34.78336715698242,30.528438568115234
0,1145.8694849014282,0.0013739606365561485,-0.00017856271006166935,0.0001755067496560514
1,1145.8694849014282,0.01309207919985056,-0.013508650474250317,1.0015939474105835
2,1145.8694849014282,-13.050603866577148,-34.63772201538086,30.435596466064453
0,1146.1781339645386,0.001984479371458292,0.0013483371585607529,0.00017538551765028387
1,1146.1781339645386,0.014304309152066708,-0.013991101644933224,1.0011066198349
2,1146.1781339645386,-13.210245132446289,-34.859046936035156,31.1514949798584
0,1146.4829528331757,-0.0010698335245251656,-0.00017870357260107994,0.0007857702439650893
1,1146.4829528331757,0.015031646937131882,-0.012543746270239353,1.002325177192688
2,1146.4829528331757,-12.982295989990234,-34.99348831176758,30.343828201293945
0,1146.7880914211273,-0.00015344563871622086,0.00043197558261454105,0.0017014594050124288
1,1146.7880914211273,0.014304309152066708,-0.012784972786903381,1.0020813941955566
2,1146.7880914211273,-13.290922164916992,-34.471981048583984,30.185274124145508
0,1147.0931062698364,0.0004571257159113884,-0.00048422603867948055,0.0013955979375168681
1,1147.0931062698364,0.015516539104282856,-0.013991101644933224,1.0042747259140015
2,1147.0931062698364,-13.17121696472168,-34.58367919921875,30.837356567382812
0,1147.397908449173,0.0016789715737104416,0.00043198862113058567,0.00017374660819768906
1,1147.397908449173,0.013576971367001534,-0.013508650474250317,1.0032999515533447
2,1147.397908449173,-13.284736633300781,-34.74617385864258,31.056167602539062
0,1147.7029149532318,-0.00015381630510091782,0.00012652389705181122,0.0026168045587837696
1,1147.7029149532318,0.014061863534152508,-0.014473553746938705,1.0018377304077148
2,1147.7029149532318,-13.077527046203613,-34.86797332763672,30.81729507446289
0,1148.011923789978,-0.0025969818234443665,0.00012656906619668007,0.00017309447866864502
1,1148.011923789978,0.014304309152066708,-0.014232328161597252,1.0001319646835327
2,1148.011923789978,-13.469589233398438,-34.762367248535156,30.548051834106445
0,1148.3191385269165,0.0013734754174947739,-0.001095064915716648,-0.0004312186501920223
1,1148.3191385269165,0.014789201319217682,-0.01374987605959177,1.000862956047058
2,1148.3191385269165,-13.59481430053711,-34.60933303833008,30.925142288208008
0,1148.630840063095,0.0016789715737104416,-0.0010948660783469677,-0.0013475617161020637
1,1148.630840063095,0.013819416984915733,-0.013991101644933224,1.0011066198349
2,1148.630840063095,-13.718781471252441,-34.320159912109375,31.45207977294922
0,1148.938648700714,0.003205531742423773,0.0013483574148267508,0.001401004265062511
1,1148.938648700714,0.015031646937131882,-0.01374987605959177,1.000862956047058
2,1148.938648700714,-13.629617691040039,-34.62026596069336,31.30908966064453
0,1149.246015071869,-0.00045992806553840637,-0.00017904280684888363,0.0007899911142885685
1,1149.246015071869,0.015031646937131882,-0.01374987605959177,1.0013504028320312
2,1149.246015071869,-13.593122482299805,-34.73444747924805,30.911352157592773
0,1149.5575165748596,0.0016780886799097061,0.00043176463805139065,-0.0010424444917589426
1,1149.5575165748596,0.015031646937131882,-0.013267423957586288,1.0011066198349
2,1149.5575165748596,-13.304436683654785,-34.8499870300293,30.69320297241211
0,1149.8647363185883,-0.000459977425634861,0.0016533348243683577,0.00017900987586472183
1,1149.8647363185883,0.014546754769980907,-0.01374987605959177,1.002325177192688
2,1149.8647363185883,-13.772541046142578,-34.75474548339844,30.707275390625
0,1150.1760940551758,-0.00015455670654773712,0.0010423094499856234,-0.000431849155575037
1,1150.1760940551758,0.015031646937131882,-0.014473553746938705,1.0032999515533447
2,1150.1760940551758,-13.654989242553711,-34.808815002441406,30.727140426635742
0,1150.483293056488,-0.00046005286276340485,-0.0007904206868261099,0.0010950379073619843
1,1150.483293056488,0.015274092555046082,-0.01374987605959177,1.0011066198349
2,1150.483293056488,-13.394342422485352,-34.52386474609375,30.895517349243164
0,1150.7908189296722,0.001372222788631916,-0.00017984374426305294,0.00017877190839499235
1,1150.7908189296722,0.015274092555046082,-0.013508650474250317,1.0032999515533447
2,1150.7908189296722,-13.439520835876465,-34.723670959472656,30.84359359741211
0,1151.1017215251923,0.00045583583414554596,-0.0004855648148804903,0.0011013633338734508
1,1151.1017215251923,0.015031646937131882,-0.014473553746938705,1.0018377304077148
2,1151.1017215251923,-13.590731620788574,-34.6265869140625,31.16019058227539
0,1151.4094498157501,0.00015046726912260056,-0.0001802148763090372,0.0007893908768892288
1,1151.4094498157501,0.015516539104282856,-0.013508650474250317,1.0015939474105835
2,1151.4094498157501,-13.39094352722168,-34.78803253173828,31.52925682067871
0,1151.7163298130035,-0.0007657669484615326,0.0022628549486398697,-0.0004324616165831685
1,1151.7163298130035,0.013819416984915733,-0.013508650474250317,1.0011066198349
2,1151.7163298130035,-13.528837203979492,-34.69206619262695,30.926753997802734
0,1152.0275416374207,-0.0010711085051298141,0.0007353269029408693,0.0011009437730535865
1,1152.0275416374207,0.013819416984915733,-0.014232328161597252,1.0018377304077148
2,1152.0275416374207,-13.595405578613281,-34.7987174987793,30.60779571533203
0,1152.332370519638,-0.0007655862718820572,-0.0007919701747596264,0.0011007689172402024
1,1152.332370519638,0.015274092555046082,-0.014473553746938705,1.0018377304077148
2,1152.332370519638,-13.930936813354492,-34.72087860107422,31.22789764404297
0,1152.637416601181,-0.00015465542674064636,-0.0010972802992910147,0.0014058983651921153
1,1152.637416601181,0.015031646937131882,-0.014473553746938705,1.000862956047058
2,1152.637416601181,-13.894028663635254,-34.37710189819336,31.134130477905273
0,1152.9419498443604,-0.0016813939437270164,0.0013460724148899317,0.00018401881970930845
1,1152.9419498443604,0.015274092555046082,-0.01374987605959177,1.0006192922592163
2,1152.9419498443604,-13.548540115356445,-34.514076232910156,30.53870391845703
0,1153.2468333244324,-0.0007649809122085571,0.0001243874430656433,0.0026271254755556583
1,1153.2468333244324,0.014789201319217682,-0.014714779332280159,1.0025688409805298
2,1153.2468333244324,-13.787369728088379,-34.54444122314453,29.900226593017578
0,1153.5532245635986,0.0010676803067326546,-0.00018135877326130867,0.0007944320677779615
1,1153.5532245635986,0.014546754769980907,-0.013267423957586288,1.0015939474105835
2,1153.5532245635986,-13.685035705566406,-34.129600524902344,31.037050247192383
0,1153.8579595088959,-0.0010704109445214272,-0.00018159509636461735,0.07775662839412689
1,1153.8579595088959,0.014304309152066708,-0.014714779332280159,1.0006192922592163
2,1153.8579595088959,-13.67107105255127,-34.29706573486328,31.51865577697754
0,1154.1668467521667,0.001678316853940487,-0.0007924658711999655,0.0010927412658929825
1,1154.1668467521667,0.015031646937131882,-0.01374987605959177,1.0020813941955566
2,1154.1668467521667,-13.709136009216309,-34.371971130371094,30.887836456298828
0,1154.4751300811768,-0.00015413761138916016,-0.0001814267598092556,-0.0004410877590999007
1,1154.4751300811768,0.01575898379087448,-0.014714779332280159,1.0028126239776611
2,1154.4751300811768,-13.453511238098145,-34.35213088989258,30.4288330078125
0,1154.783237695694,0.00015112850815057755,-0.0007924002129584551,-0.07709845900535583
1,1154.783237695694,0.015516539104282856,-0.013991101644933224,1.0025688409805298
2,1154.783237695694,-13.296289443969727,-34.36009216308594,31.181821823120117
0,1155.0908551216125,-0.000154188834130764,0.0034833685494959354,-0.0001294026296818629
1,1155.0908551216125,0.014061863534152508,-0.014956005848944187,1.0020813941955566
2,1155.0908551216125,-13.359329223632812,-34.43482208251953,30.677663803100586
0,1155.399657011032,0.0019834679551422596,-0.00018177693709731102,0.0013975107576698065
1,1155.399657011032,0.01624387688934803,-0.012784972786903381,1.0030561685562134
2,1155.399657011032,-13.341936111450195,-34.149776458740234,30.024639129638672
0,1155.7047464847565,-0.00045990198850631714,0.001650582067668438,0.0020079724490642548
1,1155.7047464847565,0.01672876812517643,-0.013991101644933224,1.0030561685562134
2,1155.7047464847565,-13.177520751953125,-34.28772735595703,30.369617462158203
0,1156.0099070072174,0.0004565119743347168,0.0010395317804068327,0.0007859923643991351
1,1156.0099070072174,0.014061863534152508,-0.012784972786903381,1.0018377304077148
2,1156.0099070072174,-13.163057327270508,-34.62820053100586,30.875751495361328
0,1156.3148114681244,-0.0007650014013051987,0.00012310012243688107,0.0017021434614434838
1,1156.3148114681244,0.014789201319217682,-0.011820068582892418,1.002325177192688
2,1156.3148114681244,-13.313283920288086,-34.34379196166992,30.783849716186523
0,1156.6199440956116,0.0032053799368441105,0.00012301793321967125,0.0007854678551666439
1,1156.6199440956116,0.014789201319217682,-0.013508650474250317,1.0015939474105835
2,1156.6199440956116,-13.545610427856445,-34.356964111328125,30.696950912475586
0,1156.925042629242,-0.0019872700795531273,0.0013446661178022623,-0.0001308996870648116
1,1156.925042629242,0.014789201319217682,-0.014473553746938705,1.0042747259140015
2,1156.925042629242,-13.256392478942871,-34.591705322265625,30.372201919555664
0,1157.2301540374756,0.00015072058886289597,0.0004280293360352516,0.0032283018808811903
1,1157.2301540374756,0.015031646937131882,-0.014232328161597252,1.000862956047058
2,1157.2301540374756,-13.237025260925293,-34.11709213256836,30.83109474182129
0,1157.5350415706635,0.00015081092715263367,0.001344167860224843,0.0010901783825829625
1,1157.5350415706635,0.013819416984915733,-0.013026198372244835,1.002325177192688
2,1157.5350415706635,-13.265228271484375,-34.50334167480469,30.192785263061523
0,1157.8401341438293,-0.0004598619416356087,0.0007332204841077328,-0.00013162166578695178
1,1157.8401341438293,0.014546754769980907,-0.013267423957586288,1.0018377304077148
2,1157.8401341438293,-13.505329132080078,-35.0560417175293,30.090946197509766
0,1158.1451470851898,-0.0016813473775982857,0.0010384167544543743,-0.0001318451395491138
1,1158.1451470851898,0.014546754769980907,-0.014956005848944187,1.0015939474105835
2,1158.1451470851898,-13.781153678894043,-34.610435485839844,30.81322479248047
0,1158.4504475593567,0.0001514153555035591,-0.0007941583171486855,-0.00043719320092350245
1,1158.4504475593567,0.015516539104282856,-0.014232328161597252,1.0025688409805298
2,1158.4504475593567,-13.788633346557617,-34.507568359375,31.049156188964844
0,1158.7595975399017,-0.001375734806060791,0.0001220314297825098,0.0017006373964250088
1,1158.7595975399017,0.014304309152066708,-0.013991101644933224,1.0020813941955566
2,1158.7595975399017,-13.358724594116211,-34.169921875,30.364240646362305
0,1159.0644128322601,-0.0013755680993199348,0.0016489841509610415,-0.0001320534065598622
1,1159.0644128322601,0.014546754769980907,-0.014232328161597252,1.000862956047058
2,1159.0644128322601,-13.655009269714355,-35.03274154663086,30.648374557495117
0,1159.3699469566345,0.0019841003231704235,0.0019542064983397722,0.0013949633575975895
1,1159.3699469566345,0.014546754769980907,-0.01374987605959177,1.000862956047058
2,1159.3699469566345,-13.775887489318848,-34.66150665283203,31.330486297607422
0,1159.675192117691,-0.0001539662480354309,0.002870242577046156,-0.00043770173215307295
1,1159.675192117691,0.015516539104282856,-0.013991101644933224,1.0006192922592163
2,1159.675192117691,-13.632094383239746,-34.57501983642578,31.121397018432617
0,1159.9801568984985,0.0007622409611940384,0.001037308480590582,-0.00013228709576651454
1,1159.9801568984985,0.014546754769980907,-0.014473553746938705,1.0006192922592163
2,1159.9801568984985,-13.489347457885742,-34.50360107421875,30.376564025878906
0,1160.2969677448273,0.0010676365345716476,0.0013425308279693127,0.0007840184262022376
1,1160.2969677448273,0.015516539104282856,-0.013026198372244835,1.0018377304077148
2,1160.2969677448273,-13.521008491516113,-35.16944885253906,30.701213836669922
0,1160.602242231369,0.0016783103346824646,0.0013425517827272415,-0.0007429316756315529
1,1160.602242231369,0.01575898379087448,-0.01519723143428564,1.000862956047058
2,1160.602242231369,-13.666115760803223,-34.83293533325195,30.948389053344727
0,1160.9076538085938,-0.0004597567021846771,0.0007314251270145178,0.0007839567260816693
1,1160.9076538085938,0.01600143127143383,-0.014956005848944187,1.0020813941955566
2,1160.9076538085938,-13.079009056091309,-34.550086975097656,30.276723861694336
0,1161.2126550674438,0.001066957600414753,-0.0004906181711703539,0.00047837785677984357
1,1161.2126550674438,0.014061863534152508,-0.013508650474250317,1.0037872791290283
2,1161.2126550674438,-13.313154220581055,-34.52165603637695,30.492656707763672
0,1161.518126964569,0.00045631173998117447,-0.0007960807997733355,0.00047818024177104235
1,1161.518126964569,0.014061863534152508,-0.013026198372244835,1.0011066198349
2,1161.518126964569,-13.509407997131348,-34.76276779174805,30.82912826538086
0,1161.823233127594,0.0007616803050041199,0.0007309233769774437,0.0010886683594435453
1,1161.823233127594,0.013819416984915733,-0.014473553746938705,1.0018377304077148
2,1161.823233127594,-13.327468872070312,-34.679664611816406,30.820615768432617
0,1162.1282722949982,0.0022885221987962723,0.00012005330063402653,-0.0010495318565517664
1,1162.1282722949982,0.015031646937131882,-0.014714779332280159,0.9998881816864014
2,1162.1282722949982,-13.493879318237305,-34.471343994140625,31.057554244995117
0,1162.434365272522,-0.0004602549597620964,0.0013414968270808458,0.0013936804607510567
1,1162.434365272522,0.014304309152066708,-0.013508650474250317,1.000862956047058
2,1162.434365272522,-13.503252029418945,-34.35536193847656,30.65473747253418
0,1162.73970079422,0.0007614362984895706,-0.000796561362221837,0.0007824382046237588
1,1162.73970079422,0.013334525749087334,-0.01374987605959177,1.0006192922592163
2,1162.73970079422,-13.66086483001709,-34.35309982299805,30.898643493652344
0,1163.0447335243225,0.0019830777309834957,-0.0004912104923278093,0.002003689296543598
1,1163.0447335243225,0.014546754769980907,-0.014232328161597252,1.0006192922592163
2,1163.0447335243225,-13.554332733154297,-34.524932861328125,30.906558990478516
0,1163.3497869968414,0.0010665114969015121,0.00042487774044275284,-0.0007452475838363171
1,1163.3497869968414,0.013819416984915733,-0.013026198372244835,1.0006192922592163
2,1163.3497869968414,-13.578743934631348,-34.21665573120117,30.998048782348633
0,1163.6548480987549,-0.001987544819712639,0.0013410684186965227,-0.00013460509944707155
1,1163.6548480987549,0.014304309152066708,-0.013991101644933224,1.0006192922592163
2,1163.6548480987549,-13.8260498046875,-34.048274993896484,30.92601203918457
0,1163.9599578380585,0.0013723047450184822,0.0010355543345212936,0.0013922069920226932
1,1163.9599578380585,0.014304309152066708,-0.012784972786903381,1.0011066198349
2,1163.9599578380585,-13.6325044631958,-34.05494689941406,31.353595733642578
0,1164.2777197360992,0.00015069078654050827,0.00256230216473341,0.0007811191026121378
1,1164.2777197360992,0.01575898379087448,-0.014232328161597252,1.0006192922592163
2,1164.2777197360992,-13.7425537109375,-34.07491683959961,31.49370002746582
0,1164.5856466293335,-0.00015459954738616943,-0.00018651853315532207,-0.0016689036274328828
1,1164.5856466293335,0.014789201319217682,-0.014232328161597252,1.0011066198349
2,1164.5856466293335,-13.6053466796875,-33.923641204833984,31.35409927368164
0,1164.8940165042877,-0.0032086558640003204,0.0010351561941206455,0.002301345579326153
1,1164.8940165042877,0.014789201319217682,-0.013991101644933224,1.0001319646835327
2,1164.8940165042877,-13.758062362670898,-34.3472785949707,30.726036071777344
0,1165.2177021503448,-0.0004597241058945656,0.00011872570030391216,0.0010791890090331435
1,1165.2177021503448,0.013576971367001534,-0.014956005848944187,1.0020813941955566
2,1165.2177021503448,-13.757845878601074,-34.33616638183594,31.15862464904785
0,1165.5228126049042,-0.0013759313151240349,-0.00018673669546842575,-0.0007537557976320386
1,1165.5228126049042,0.014061863534152508,-0.013267423957586288,1.000375509262085
2,1165.5228126049042,-13.643939018249512,-34.7991828918457,31.520931243896484
0,1165.8278968334198,-0.0019866041839122772,0.00042394455522298813,-0.00044851808343082666
1,1165.8278968334198,0.015031646937131882,-0.014956005848944187,1.000375509262085
2,1165.8278968334198,-13.393312454223633,-34.54385757446289,31.50998878479004
0,1166.1329560279846,0.0004565110430121422,-0.0017138826660811901,0.0010785784106701612
1,1166.1329560279846,0.014789201319217682,-0.012543746270239353,1.0013504028320312
2,1166.1329560279846,-13.416391372680664,-34.38274383544922,31.572813034057617
0,1166.4417464733124,0.0016781259328126907,0.001035006484016776,0.0019945017993450165
1,1166.4417464733124,0.015274092555046082,-0.013267423957586288,1.002325177192688
2,1166.4417464733124,-13.576506614685059,-34.2321891784668,31.86482048034668
0,1166.7499878406525,-0.00045991502702236176,0.0019510947167873383,0.0004670924972742796
1,1166.7499878406525,0.014304309152066708,-0.013991101644933224,1.0045183897018433
2,1166.7499878406525,-13.475491523742676,-34.045230865478516,31.493858337402344
0,1167.0603034496307,-0.0004598507657647133,0.0016455808654427528,0.00016128551214933395
1,1167.0603034496307,0.01624387688934803,-0.013026198372244835,1.0020813941955566
2,1167.0603034496307,-13.488973617553711,-33.90513610839844,30.680057525634766
0,1167.367686033249,0.0013728607445955276,0.00011856737546622753,0.0007717508124187589
1,1167.367686033249,0.015031646937131882,-0.013508650474250317,1.0028126239776611
2,1167.367686033249,-13.547728538513184,-33.948814392089844,30.718555450439453
0,1167.6765384674072,0.0016781790181994438,-0.0004922763910144567,0.0026039723306894302
1,1167.6765384674072,0.014789201319217682,-0.013508650474250317,1.002325177192688
2,1167.6765384674072,-13.790840148925781,-34.02888870239258,30.575820922851562
0,1167.9855601787567,0.000762048177421093,0.001034830929711461,0.0001603169075679034
1,1167.9855601787567,0.015031646937131882,-0.01374987605959177,1.0025688409805298
2,1167.9855601787567,-14.01011848449707,-34.33066177368164,31.076406478881836
0,1168.292815208435,-0.0013755559921264648,0.0016455377917736769,0.00046550383558496833
1,1168.292815208435,0.014789201319217682,-0.013026198372244835,1.002325177192688
2,1168.292815208435,-14.02336597442627,-34.30354690551758,30.748676300048828
0,1168.603208065033,0.001984087284654379,0.0013398956507444382,0.0010760721052065492
1,1168.603208065033,0.014789201319217682,-0.014232328161597252,1.0013504028320312
2,1168.603208065033,-13.987370491027832,-34.58608627319336,30.59630012512207
0,1168.9116926193237,0.0010676486417651176,-0.00018739956431090832,0.001686640316620469
1,1168.9116926193237,0.013819416984915733,-0.013267423957586288,1.0028126239776611
2,1168.9116926193237,-13.938708305358887,-34.56544876098633,31.007110595703125
0,1169.2165713310242,0.00045692548155784607,0.0025611561723053455,0.0004646130255423486
1,1169.2165713310242,0.014789201319217682,-0.013991101644933224,1.000862956047058
2,1169.2165713310242,-13.9457426071167,-34.19549560546875,30.983783721923828
0,1169.5221464633942,-0.0013756323605775833,-0.0004933024756610394,0.0019914538133889437
1,1169.5221464633942,0.014061863534152508,-0.013267423957586288,1.000375509262085
2,1169.5221464633942,-13.894034385681152,-34.34873962402344,29.998254776000977
0,1169.8275654315948,-0.001986151561141014,0.0025607887655496597,0.0007693495717830956
1,1169.8275654315948,0.015274092555046082,-0.013508650474250317,1.0013504028320312
2,1169.8275654315948,-13.697864532470703,-34.373130798339844,30.304248809814453
0,1170.1322329044342,-0.001069582998752594,0.0007281634025275707,0.0016852994449436665
1,1170.1322329044342,0.014546754769980907,-0.014232328161597252,1.0015939474105835
2,1170.1322329044342,-13.807435035705566,-34.42779541015625,30.866474151611328
0,1170.4395968914032,-0.00015314389020204544,0.0010333352256566286,0.0004632212221622467
1,1170.4395968914032,0.01600143127143383,-0.01374987605959177,1.0011066198349
2,1170.4395968914032,-13.553295135498047,-34.00230407714844,31.826473236083984
0,1170.7572345733643,-0.0032072272151708603,-0.0011044659186154604,0.00046944356290623546
1,1170.7572345733643,0.013819416984915733,-0.013508650474250317,1.0015939474105835
2,1170.7572345733643,-13.811616897583008,-34.059906005859375,31.088584899902344
0,1171.0620708465576,0.0007634349167346954,0.0004226677119731903,0.0007744755712337792
1,1171.0620708465576,0.01575898379087448,-0.013991101644933224,1.0020813941955566
2,1171.0620708465576,-13.611225128173828,-34.07379913330078,30.592288970947266
0,1171.367035627365,-0.000763612799346447,-0.0007992719765752554,0.001385094248689711
1,1171.367035627365,0.015031646937131882,-0.014232328161597252,0.999400794506073
2,1171.367035627365,-13.783708572387695,-33.963958740234375,30.475208282470703
0,1171.6720139980316,-0.0025959638878703117,-0.0007994039915502071,0.0007739568245597184
1,1171.6720139980316,0.01600143127143383,-0.014714779332280159,1.000862956047058
2,1171.6720139980316,-13.346315383911133,-33.874114990234375,30.781147003173828
0,1171.9768595695496,-0.0001524128019809723,-0.00018864520825445652,0.00107911741361022
1,1171.9768595695496,0.01600143127143383,-0.01374987605959177,1.0013504028320312
2,1171.9768595695496,-13.397988319396973,-34.164894104003906,30.487091064453125
0,1172.2817568778992,-0.0035116970539093018,0.0007274691015481949,0.001078896690160036
1,1172.2817568778992,0.01648632250726223,-0.014232328161597252,1.0006192922592163
2,1172.2817568778992,-13.520631790161133,-34.11802673339844,30.469362258911133
0,1172.5869257450104,0.00045891571789979935,0.0025597019121050835,0.0023001241497695446
1,1172.5869257450104,0.014061863534152508,-0.013508650474250317,1.0015939474105835
2,1172.5869257450104,-13.736634254455566,-34.01083755493164,31.02374267578125
0,1172.891901254654,-0.00045734457671642303,0.001032381085678935,0.0010779679287225008
1,1172.891901254654,0.014304309152066708,-0.013508650474250317,1.0018377304077148
2,1172.891901254654,-13.57744026184082,-34.08100891113281,31.40787696838379
0,1173.1969993114471,0.001069856807589531,0.00011607958003878593,0.0013830261304974556
1,1173.1969993114471,0.014546754769980907,-0.014232328161597252,1.000862956047058
2,1173.1969993114471,-13.716853141784668,-33.990352630615234,31.29136085510254
0,1173.5020055770874,0.0010697925463318825,-0.0011056286748498678,0.0010773988906294107
1,1173.5020055770874,0.014789201319217682,-0.013026198372244835,1.0020813941955566
2,1173.5020055770874,-13.694971084594727,-33.64008331298828,31.018064498901367
0,1173.807025194168,-0.0022897468879818916,0.0004211973864585161,0.0004664930165745318
1,1173.807025194168,0.014061863534152508,-0.013267423957586288,1.0035436153411865
2,1173.807025194168,-13.320574760437012,-33.57121276855469,31.359411239624023
0,1174.1158809661865,-0.0013733860105276108,-0.0014115560334175825,0.0004661957500502467
1,1174.1158809661865,0.014546754769980907,-0.01374987605959177,1.0059806108474731
2,1174.1158809661865,-13.591596603393555,-33.70054626464844,31.53306770324707
0,1174.4210209846497,0.0016809012740850449,0.0016426641959697008,0.0010767638450488448
1,1174.4210209846497,0.014546754769980907,-0.013267423957586288,1.0011066198349
2,1174.4210209846497,-13.317447662353516,-34.06010818481445,31.168758392333984
0,1174.7258470058441,-0.000151732936501503,0.0007263117004185915,-0.0010609712917357683
1,1174.7258470058441,0.013819416984915733,-0.013508650474250317,1.0030561685562134
2,1174.7258470058441,-13.713201522827148,-34.12681198120117,31.110416412353516
0,1175.0309329032898,0.00015373807400465012,0.0007261030841618776,0.00046597159234806895
1,1175.0309329032898,0.013819416984915733,-0.013508650474250317,1.0020813941955566
2,1175.0309329032898,-13.79554557800293,-33.971858978271484,31.609888076782227
0,1175.3361802101135,0.0007644351571798325,0.000726022757589817,-0.0007558763609267771
1,1175.3361802101135,0.01624387688934803,-0.013991101644933224,1.002325177192688
2,1175.3361802101135,-13.695436477661133,-34.10137176513672,31.74640655517578
0,1175.6415271759033,-0.0013737604022026062,0.0013368332292884588,0.001076678978279233
1,1175.6415271759033,0.014061863534152508,-0.014714779332280159,1.000375509262085
2,1175.6415271759033,-13.500919342041016,-34.03972244262695,30.740259170532227
0,1175.9465765953064,0.0016802195459604263,-0.00019015325233340263,0.0013818914303556085
1,1175.9465765953064,0.015031646937131882,-0.014473553746938705,1.0011066198349
2,1175.9465765953064,-13.50257682800293,-34.202186584472656,30.461545944213867
0,1176.252008676529,-0.0029007429257035255,0.0010312399826943874,0.00015996661386452615
1,1176.252008676529,0.015274092555046082,-0.01374987605959177,1.0011066198349
2,1176.252008676529,-13.335029602050781,-34.135520935058594,31.21430778503418
0,1176.5573589801788,0.00015362165868282318,0.0004203969147056341,0.002603053580969572
1,1176.5573589801788,0.014789201319217682,-0.013991101644933224,1.0001319646835327
2,1176.5573589801788,-13.68069076538086,-34.02019119262695,30.991472244262695
0,1176.8664405345917,0.0007644994184374809,0.0007256465032696724,0.0016865615034475923
1,1176.8664405345917,0.01309207919985056,-0.014956005848944187,1.0001319646835327
2,1176.8664405345917,-13.625733375549316,-34.08882522583008,30.479412078857422
0,1177.1714868545532,-0.000762471929192543,-0.0001902952790260315,0.0001592042826814577
1,1177.1714868545532,0.01575898379087448,-0.013991101644933224,1.0011066198349
2,1177.1714868545532,-13.983560562133789,-34.372825622558594,31.14533042907715
0,1177.4765663146973,-0.0019837794825434685,0.0004205408040434122,-0.00045172678073868155
1,1177.4765663146973,0.014789201319217682,-0.013267423957586288,1.0025688409805298
2,1177.4765663146973,-13.275893211364746,-34.33663558959961,31.125307083129883
0,1177.7814402580261,-0.002899782732129097,-0.0017174652311950922,0.000158867405843921
1,1177.7814402580261,0.015274092555046082,-0.013267423957586288,1.0015939474105835
2,1177.7814402580261,-13.470782279968262,-35.229793548583984,30.775009155273438
0,1178.0865278244019,-0.0010673534125089645,-0.00019040820188820362,0.002296650316566229
1,1178.0865278244019,0.014789201319217682,-0.013267423957586288,1.0028126239776611
2,1178.0865278244019,-13.584107398986816,-34.775596618652344,30.764223098754883
0,1178.3916532993317,-0.0016778483986854553,-0.00019018049351871014,0.0010746489278972149
1,1178.3916532993317,0.01284963358193636,-0.013508650474250317,1.0015939474105835
2,1178.3916532993317,-13.505529403686523,-34.61735153198242,30.818355560302734
0,1178.6967389583588,0.0016818204894661903,-0.0004956424236297607,-0.00014719845785293728
1,1178.6967389583588,0.01575898379087448,-0.01374987605959177,1.0037872791290283
2,1178.6967389583588,-13.636181831359863,-34.452823638916016,30.525211334228516
0,1179.0019030570984,-0.0010668812319636345,-0.00019034137949347496,0.07742615789175034
1,1179.0019030570984,0.014546754769980907,-0.013508650474250317,1.0032999515533447
2,1179.0019030570984,-13.605998039245605,-34.63274383544922,30.923871994018555
0,1179.3074226379395,0.00015475880354642868,0.0010311033111065626,-0.00045930553460493684
1,1179.3074226379395,0.013819416984915733,-0.013026198372244835,1.002325177192688
2,1179.3074226379395,-13.759679794311523,-34.473392486572266,30.863727569580078
0,1179.6164214611053,0.0019873413257300854,0.0016416057478636503,0.0022892674896866083
1,1179.6164214611053,0.014304309152066708,-0.01374987605959177,1.0020813941955566
2,1179.6164214611053,-13.434242248535156,-34.400291442871094,30.3719482421875
0,1179.9217128753662,0.00015470664948225021,0.0013360672164708376,0.000761912320740521
1,1179.9217128753662,0.01575898379087448,-0.01374987605959177,1.0020813941955566
2,1179.9217128753662,-13.559712409973145,-34.24752426147461,30.637060165405273
0,1180.22700548172,-0.0001506619155406952,0.0013360639568418264,0.0007616946240887046
1,1180.22700548172,0.014546754769980907,-0.013508650474250317,1.0030561685562134
2,1180.22700548172,-13.590790748596191,-34.48713302612305,30.6845645904541
0,1180.5319628715515,-0.00137243140488863,0.0004197116941213608,0.0010670892661437392
1,1180.5319628715515,0.014546754769980907,-0.014714779332280159,1.002325177192688
2,1180.5319628715515,-13.618775367736816,-34.29254150390625,30.441316604614258
0,1180.8372900485992,-0.0013725990429520607,0.0016413107514381409,0.000150548032252118
1,1180.8372900485992,0.014789201319217682,-0.013026198372244835,1.000375509262085
2,1180.8372900485992,-13.425187110900879,-34.16905212402344,30.51639175415039
0,1181.142614364624,0.0010708486661314964,0.0007246760651469231,0.00045591703383252025
1,1181.142614364624,0.014546754769980907,-0.013267423957586288,1.0025688409805298
2,1181.142614364624,-13.885214805603027,-34.483642578125,30.851579666137695
0,1181.4564747810364,0.0001546153798699379,0.0016406630165874958,-0.0016821492463350296
1,1181.4564747810364,0.01600143127143383,-0.013267423957586288,1.0018377304077148
2,1181.4564747810364,-13.844209671020508,-34.518367767333984,30.856189727783203
0,1181.7773208618164,0.0004595993086695671,-0.0001920638605952263,0.07711293548345566
1,1181.7773208618164,0.014789201319217682,-0.013267423957586288,1.0028126239776611
2,1181.7773208618164,-14.166356086730957,-34.63426208496094,30.595766067504883
0,1182.0861368179321,-0.00015117693692445755,0.0007241284474730492,-0.0004670122289098799
1,1182.0861368179321,0.014304309152066708,-0.014232328161597252,1.0028126239776611
2,1182.0861368179321,-13.773919105529785,-34.466835021972656,30.616024017333984
0,1182.3914511203766,-0.0007620034739375114,0.0010292243678122759,-0.000467048492282629
1,1182.3914511203766,0.014061863534152508,-0.01374987605959177,1.002325177192688
2,1182.3914511203766,-13.542469024658203,-34.60155487060547,30.912033081054688
0,1182.6964988708496,0.0019867741502821445,-0.000803245697170496,0.0010597447399049997
1,1182.6964988708496,0.014546754769980907,-0.013267423957586288,1.0018377304077148
2,1182.6964988708496,-13.519660949707031,-34.26893997192383,30.747840881347656
0,1183.0016589164734,0.0007652351632714272,-0.00019235792569816113,0.0022810541559010744
1,1183.0016589164734,0.014789201319217682,-0.013508650474250317,1.0025688409805298
2,1183.0016589164734,-13.884053230285645,-34.57487869262695,31.162513732910156
0,1183.3087208271027,-0.0007615815848112106,0.0019453593995422125,-0.00016241731646005064
1,1183.3087208271027,0.014789201319217682,-0.014473553746938705,1.000862956047058
2,1183.3087208271027,-13.444459915161133,-34.5809326171875,31.203977584838867
0,1183.6155769824982,0.00046023912727832794,0.0022505586966872215,0.0013646583538502455
1,1183.6155769824982,0.015031646937131882,-0.014714779332280159,1.0015939474105835
2,1183.6155769824982,-13.356180191040039,-34.521968841552734,30.754638671875
0,1183.9229650497437,0.0013766000047326088,0.00011265557259321213,-0.0004680246929638088
1,1183.9229650497437,0.015031646937131882,-0.013508650474250317,1.0020813941955566
2,1183.9229650497437,-13.376388549804688,-34.609134674072266,31.162321090698242
0,1184.230792760849,0.00015470199286937714,0.001945094671100378,0.0010524558601900935
1,1184.230792760849,0.014061863534152508,-0.013991101644933224,1.0028126239776611
2,1184.230792760849,-13.287511825561523,-34.61908721923828,31.064964294433594
0,1184.5381000041962,-0.0028993291780352592,0.0016394283156841993,0.001052139326930046
1,1184.5381000041962,0.015274092555046082,-0.01374987605959177,1.000862956047058
2,1184.5381000041962,-13.36648941040039,-34.41605758666992,30.49178695678711
0,1184.8430514335632,-0.0022882716730237007,-0.0004985257983207703,0.001662713591940701
1,1184.8430514335632,0.015516539104282856,-0.013026198372244835,1.0011066198349
2,1184.8430514335632,-13.178049087524414,-34.90753173828125,30.46151351928711
0,1185.1477060317993,-0.0010662730783224106,0.00041797501035034657,0.0004409489338286221
1,1185.1477060317993,0.013334525749087334,-0.014232328161597252,1.0018377304077148
2,1185.1477060317993,-13.21694564819336,-34.82005310058594,30.183366775512695
0,1185.4666736125946,-0.0025933217257261276,0.00011261645704507828,0.0013568790163844824
1,1185.4666736125946,0.01575898379087448,-0.014956005848944187,1.000862956047058
2,1185.4666736125946,-13.143362045288086,-34.49723434448242,30.589860916137695
0,1185.7715120315552,-0.00045530684292316437,-0.00019279285334050655,0.000440470059402287
1,1185.7715120315552,0.014789201319217682,-0.014473553746938705,1.000862956047058
2,1185.7715120315552,-13.086174964904785,-34.72769546508789,30.171371459960938
0,1186.0763306617737,-0.001065954566001892,0.0004178385715931654,0.001356605556793511
1,1186.0763306617737,0.015516539104282856,-0.01374987605959177,1.0028126239776611
2,1186.0763306617737,-13.180293083190918,-34.59640884399414,29.963579177856445
0,1186.3810906410217,0.0010719317942857742,0.0004177587106823921,-0.00017051456961780787
1,1186.3810906410217,0.01648632250726223,-0.012543746270239353,1.0050058364868164
2,1186.3810906410217,-13.335373878479004,-34.55717468261719,30.508960723876953
0,1186.6859562397003,0.00015549268573522568,0.0016394092235714197,0.0010508740087971091
1,1186.6859562397003,0.013334525749087334,-0.013508650474250317,1.0025688409805298
2,1186.6859562397003,-13.200611114501953,-34.31864547729492,30.293964385986328
0,1186.990938425064,-0.0001500304788351059,0.0010283105075359344,-0.00017078782548196614
1,1186.990938425064,0.014546754769980907,-0.012061295099556446,1.0028126239776611
2,1186.990938425064,-13.134292602539062,-34.14320755004883,30.738258361816406
0,1187.2959473133087,0.00198775390163064,-0.0008041849359869957,0.07801341265439987
1,1187.2959473133087,0.014061863534152508,-0.013267423957586288,1.0030561685562134
2,1187.2959473133087,-13.228971481323242,-34.15299606323242,30.618690490722656
0,1187.6047883033752,-0.001066482625901699,0.00041759409941732883,-0.00017737339658197016
1,1187.6047883033752,0.015274092555046082,-0.013267423957586288,1.0013504028320312
2,1187.6047883033752,-13.394214630126953,-34.45079803466797,30.006494522094727
0,1187.9097166061401,0.001987599302083254,0.07951763272285461,0.0010443248320370913
1,1187.9097166061401,0.015031646937131882,-0.013026198372244835,1.0025688409805298
2,1187.9097166061401,-13.420241355895996,-34.640663146972656,30.49536895751953
0,1188.214663028717,-0.0007611028850078583,0.001326624769717455,0.0010441899066790938
1,1188.214663028717,0.013334525749087334,-0.013508650474250317,1.0032999515533447
2,1188.214663028717,-13.443181991577148,-34.677913665771484,30.93574333190918
0,1188.5195536613464,0.0007660724222660065,0.0010211400222033262,0.0013496158644557
1,1188.5195536613464,0.015274092555046082,-0.01374987605959177,1.0025688409805298
2,1188.5195536613464,-13.404995918273926,-34.3176383972168,30.796518325805664
0,1188.8263268470764,-0.00045572221279144287,-0.0008112767245620489,0.0010439971229061484
1,1188.8263268470764,0.01600143127143383,-0.015438457019627094,1.0018377304077148
2,1188.8263268470764,-13.666028022766113,-34.49203109741211,31.013385772705078
0,1189.1345138549805,0.0007659941911697388,0.0010212664492428303,0.0010436312295496464
1,1189.1345138549805,0.014061863534152508,-0.01374987605959177,1.000862956047058
2,1189.1345138549805,-13.555647850036621,-34.6263313293457,30.904972076416016
0,1189.4485099315643,-0.001371944323182106,-0.001727499533444643,0.001043419586494565
1,1189.4485099315643,0.013819416984915733,-0.014956005848944187,1.0011066198349
2,1189.4485099315643,-13.619562149047852,-34.35004806518555,30.855335235595703
0,1189.759837627411,0.00046071503311395645,0.0013269539922475815,0.0010431822156533599
1,1189.759837627411,0.014789201319217682,-0.01374987605959177,1.0018377304077148
2,1189.759837627411,-13.350967407226562,-34.45606231689453,31.004779815673828
0,1190.0673847198486,0.00015529431402683258,-0.0008111775387078524,0.0001267239567823708
1,1190.0673847198486,0.013819416984915733,-0.012784972786903381,1.0025688409805298
2,1190.0673847198486,-13.410837173461914,-34.310211181640625,31.435211181640625
0,1190.3747217655182,0.0013767285272479057,0.001326593104749918,0.000730961502995342
1,1190.3747217655182,0.014789201319217682,-0.013991101644933224,1.0011066198349
2,1190.3747217655182,-13.353677749633789,-34.60852813720703,31.07847023010254
0,1190.6860563755035,0.0001552412286400795,0.00041024317033588886,-0.00018557196017354727
1,1190.6860563755035,0.014546754769980907,-0.014232328161597252,1.0015939474105835
2,1190.6860563755035,-13.55075740814209,-34.65821075439453,31.214202880859375
0,1190.9937179088593,-0.0010663745924830437,0.00010475818999111652,0.0010297122644260526
1,1190.9937179088593,0.015516539104282856,-0.014473553746938705,1.0030561685562134
2,1190.9937179088593,-13.444998741149902,-34.43811798095703,30.089149475097656
0,1191.2988922595978,0.0001556752249598503,0.00041019031777977943,0.0004187413724139333
1,1191.2988922595978,0.015031646937131882,-0.013508650474250317,1.0015939474105835
2,1191.2988922595978,-13.677237510681152,-34.90085983276367,29.813091278076172
0,1191.6041646003723,0.0004611201584339142,0.00010460265912115574,0.001334907952696085
1,1191.6041646003723,0.015031646937131882,-0.01374987605959177,1.004762053489685
2,1191.6041646003723,-13.902441024780273,-34.65522766113281,30.333255767822266
0,1191.9094219207764,-0.0004549100995063782,0.0007154417689889669,0.001334751141257584
1,1191.9094219207764,0.014546754769980907,-0.01374987605959177,1.0011066198349
2,1191.9094219207764,-13.915692329406738,-34.60138702392578,30.056472778320312
0,1192.2143857479095,-0.001981958746910095,0.00040993141010403633,0.0007236007950268686
1,1192.2143857479095,0.01575898379087448,-0.01374987605959177,1.0030561685562134
2,1192.2143857479095,-13.796501159667969,-34.496917724609375,30.905757904052734
0,1192.519518852234,-0.001371106132864952,-0.0008118508849292994,0.0028613696340471506
1,1192.519518852234,0.013334525749087334,-0.014956005848944187,1.0015939474105835
2,1192.519518852234,-14.004359245300293,-34.38534164428711,30.447879791259766
0,1192.82479596138,-0.0004546940326690674,-0.0005063933786004782,0.0010284889722242951
1,1192.82479596138,0.01600143127143383,-0.0123025206848979,1.0042747259140015
2,1192.82479596138,-13.994096755981445,-34.389957427978516,30.169326782226562
0,1193.1300189495087,-0.001981639303267002,-0.00020106369629502296,-0.00019344943575561047
1,1193.1300189495087,0.015031646937131882,-0.013991101644933224,1.0045183897018433
2,1193.1300189495087,-13.589746475219727,-34.050235748291016,30.874256134033203
0,1193.4353036880493,0.0004618596285581589,0.00010436796583235264,0.0007226405432447791
1,1193.4353036880493,0.014789201319217682,-0.013508650474250317,1.0035436153411865
2,1193.4353036880493,-13.499068260192871,-34.52928161621094,30.458087921142578
0,1193.7406582832336,-0.0016758246347308159,0.0007152070757001638,-0.0008046277798712254
1,1193.7406582832336,0.015031646937131882,-0.013267423957586288,1.002325177192688
2,1193.7406582832336,-13.592302322387695,-34.69219207763672,31.374252319335938
0,1194.045868396759,-0.000453852117061615,-0.0008120078127831221,0.00133329548407346
1,1194.045868396759,0.014061863534152508,-0.014232328161597252,1.0006192922592163
2,1194.045868396759,-13.866707801818848,-34.511775970458984,31.0642147064209
0,1194.351308107376,-0.001064525917172432,-0.0014226429630070925,-0.0004993026959709823
1,1194.351308107376,0.01648632250726223,-0.013267423957586288,1.0011066198349
2,1194.351308107376,-13.695042610168457,-34.54074478149414,30.630342483520508
0,1194.656461238861,-0.0025912411510944366,-0.0008116238750517368,0.00041671041981317103
1,1194.656461238861,0.014061863534152508,-0.01374987605959177,1.0006192922592163
2,1194.656461238861,-13.626012802124023,-34.31090545654297,31.334882736206055
0,1194.9613454341888,0.0016846731305122375,0.0010209709871560335,-0.0001942855305969715
1,1194.9613454341888,0.014789201319217682,-0.014956005848944187,1.0020813941955566
2,1194.9613454341888,-13.764073371887207,-34.41817855834961,31.268020629882812
0,1195.2704753875732,0.0007683867588639259,0.0004100280348211527,0.001027416903525591
1,1195.2704753875732,0.014061863534152508,-0.013267423957586288,1.0042747259140015
2,1195.2704753875732,-14.115656852722168,-34.20127487182617,30.527963638305664
0,1195.575670003891,-0.0019800588488578796,-0.0002008378505706787,0.0007218536338768899
1,1195.575670003891,0.013819416984915733,-0.014473553746938705,1.0042747259140015
2,1195.575670003891,-13.792975425720215,-33.90866470336914,30.74066925048828
0,1195.8808262348175,-0.0007580099627375603,0.0013262471184134483,0.00285954587161541
1,1195.8808262348175,0.014546754769980907,-0.01374987605959177,1.0028126239776611
2,1195.8808262348175,-13.767608642578125,-34.241310119628906,30.365009307861328
0,1196.1970970630646,-0.0010634055361151695,0.0025479253381490707,0.0004159031668677926
1,1196.1970970630646,0.015516539104282856,-0.013508650474250317,1.0020813941955566
2,1196.1970970630646,-13.83179759979248,-34.50922393798828,30.240224838256836
0,1196.5169913768768,0.0007693041115999222,-0.0008117568213492632,-0.00019504124065861106
1,1196.5169913768768,0.01600143127143383,-0.0123025206848979,1.0025688409805298
2,1196.5169913768768,-13.720833778381348,-34.920711517333984,30.656391143798828
0,1196.822275876999,-0.0007575396448373795,-0.0011171391233801842,0.0016372186364606023
1,1196.822275876999,0.014546754769980907,-0.013267423957586288,1.0018377304077148
2,1196.822275876999,-13.686037063598633,-34.6462287902832,30.15785789489746
0,1197.1456789970398,-0.00045196712017059326,0.0001045134849846363,0.0013315273681655526
1,1197.1456789970398,0.013819416984915733,-0.013508650474250317,1.0011066198349
2,1197.1456789970398,-13.580060958862305,-34.430667877197266,30.154462814331055
0,1197.4555342197418,0.0007696468383073807,-0.00020086788572371006,-0.002937756013125181
1,1197.4555342197418,0.013576971367001534,-0.013991101644933224,1.0045183897018433
2,1197.4555342197418,-13.445143699645996,-33.98219299316406,28.989484786987305
0,1197.7663736343384,0.0001589478924870491,0.0004097144119441509,0.00042176819988526404
1,1197.7663736343384,0.01672876812517643,-0.0123025206848979,1.0006192922592163
2,1197.7663736343384,-13.491340637207031,-34.449851989746094,29.237977981567383
0,1198.075513601303,-0.001978992484509945,-0.0005062762647867203,0.0016498340992257
1,1198.075513601303,0.011394958011806011,-0.013991101644933224,1.002325177192688
2,1198.075513601303,-13.54301929473877,-34.35158157348633,30.568557739257812
0,1198.3858461380005,0.0001590736210346222,-0.0008114783558994532,0.0010387327056378126
1,1198.3858461380005,0.014061863534152508,-0.012543746270239353,1.0020813941955566
2,1198.3858461380005,-13.235052108764648,-34.80588150024414,30.383136749267578
0,1198.693999528885,-0.00014632288366556168,0.0007158380467444658,0.0028708355966955423
1,1198.693999528885,0.01624387688934803,-0.014473553746938705,1.0040310621261597
2,1198.693999528885,-13.242941856384277,-34.499088287353516,30.056678771972656
0,1199.0062391757965,-0.001062275841832161,-0.002032620133832097,-0.000794386665802449
1,1199.0062391757965,0.014304309152066708,-0.01374987605959177,1.0006192922592163
2,1199.0062391757965,-13.566398620605469,-34.79375457763672,30.72972869873047
0,1199.3116087913513,-0.0004508867859840393,-0.002032390097156167,0.0016487869434058666
1,1199.3116087913513,0.015274092555046082,-0.014232328161597252,1.0018377304077148
2,1199.3116087913513,-13.329728126525879,-34.79640579223633,30.174901962280273
0,1199.6190032958984,-0.0010615093633532524,-0.0005049712490290403,0.0013432466657832265
1,1199.6190032958984,0.014061863534152508,-0.014956005848944187,1.0013504028320312
2,1199.6190032958984,-13.682997703552246,-34.21578598022461,30.672807693481445
0,1199.925477027893,0.0007710196077823639,-0.0014213472604751587,0.00012133159179938957
1,1199.925477027893,0.015031646937131882,-0.013991101644933224,1.000375509262085
2,1199.925477027893,-13.538728713989258,-34.81621170043945,30.66805076599121
0,1200.2376265525818,-0.002283114939928055,-0.00019961735233664513,0.0004330978845246136
1,1200.2376265525818,0.014789201319217682,-0.012543746270239353,1.0001319646835327
2,1200.2376265525818,-13.534683227539062,-34.886512756347656,29.91493797302246
0,1200.5436055660248,-0.0013667037710547447,-0.0008104320149868727,0.0010438283206894994
1,1200.5436055660248,0.014789201319217682,-0.013267423957586288,1.0018377304077148
2,1200.5436055660248,-13.485607147216797,-34.89623260498047,29.703325271606445
0,1200.850459098816,-0.0007558278739452362,-0.0014211703091859818,0.00012100514868507162
1,1200.850459098816,0.014789201319217682,-0.013508650474250317,1.0015939474105835
2,1200.850459098816,-13.47085952758789,-34.82126235961914,30.463153839111328
0,1201.163064956665,-0.00045046117156744003,0.00010604318231344223,-0.0011008584406226873
1,1201.163064956665,0.013576971367001534,-0.012784972786903381,1.0006192922592163
2,1201.163064956665,-13.45840072631836,-34.670894622802734,30.195100784301758
0,1201.4697811603546,-0.002588273026049137,0.00010614469647407532,0.0010368827497586608
1,1201.4697811603546,0.014546754769980907,-0.015438457019627094,1.0032999515533447
2,1201.4697811603546,-13.835119247436523,-34.68635559082031,30.62108039855957
0,1201.7773406505585,0.00016078446060419083,0.002854652237147093,0.0004325058835092932
1,1201.7773406505585,0.014789201319217682,-0.014714779332280159,1.0018377304077148
2,1201.7773406505585,-13.860383987426758,-34.562503814697266,30.598493576049805
0,1202.1068239212036,0.00046627968549728394,0.00041116494685411453,-0.00047722880844958127
1,1202.1068239212036,0.015516539104282856,-0.013991101644933224,1.0015939474105835
2,1202.1068239212036,-13.801972389221191,-34.63761520385742,30.724414825439453
0,1202.4118604660034,0.0010769497603178024,-0.0005050827749073505,0.0004388813686091453
1,1202.4118604660034,0.014789201319217682,-0.01374987605959177,1.0013504028320312
2,1202.4118604660034,-13.843219757080078,-34.56182098388672,30.698596954345703
0,1202.716983795166,-0.00045012496411800385,0.0016325083561241627,0.00013341510202735662
1,1202.716983795166,0.015031646937131882,-0.013267423957586288,1.002325177192688
2,1202.716983795166,-13.764631271362305,-34.59148406982422,30.85394859313965
0,1203.0220012664795,0.002909439615905285,-0.0011164885945618153,0.0019659772515296936
1,1203.0220012664795,0.015031646937131882,-0.013991101644933224,1.0030561685562134
2,1203.0220012664795,-13.662164688110352,-34.323673248291016,30.25067901611328
0,1203.3271079063416,0.0004659639671444893,0.00010526669211685658,0.0019658152014017105
1,1203.3271079063416,0.014304309152066708,-0.014714779332280159,1.0020813941955566
2,1203.3271079063416,-13.940662384033203,-34.56181716918945,30.740629196166992
0,1203.638905763626,0.0019927010871469975,0.0013268168549984694,0.0004387211811263114
1,1203.638905763626,0.015516539104282856,-0.013991101644933224,1.002325177192688
2,1203.638905763626,-13.665032386779785,-34.489768981933594,30.597124099731445
0,1203.9576344490051,-0.0010615112259984016,0.0007158741354942322,-0.000783017254434526
1,1203.9576344490051,0.014304309152066708,-0.013508650474250317,1.000862956047058
2,1203.9576344490051,-13.690629959106445,-34.294456481933594,30.51964569091797
0,1204.262277841568,-0.0022827433422207832,-0.0011165942996740341,0.0016601021634414792
1,1204.262277841568,0.014061863534152508,-0.013267423957586288,1.0030561685562134
2,1204.262277841568,-13.742485046386719,-34.76288604736328,31.28612518310547
0,1204.5673530101776,-0.00014460179954767227,-0.0005055761430412531,0.00043818418635055423
1,1204.5673530101776,0.015274092555046082,-0.012543746270239353,1.0040310621261597
2,1204.5673530101776,-13.600913047790527,-34.750972747802734,30.54859161376953
0,1204.8722519874573,-0.0025878455489873886,-0.00081108626909554,0.0016595989000052214
1,1204.8722519874573,0.014546754769980907,-0.013267423957586288,1.0001319646835327
2,1204.8722519874573,-13.741211891174316,-34.82649612426758,30.878833770751953
0,1205.1844124794006,-0.0022822488099336624,0.00010513351298868656,0.0016591291641816497
1,1205.1844124794006,0.015031646937131882,-0.014232328161597252,1.000375509262085
2,1205.1844124794006,-13.31301212310791,-35.09842300415039,30.655258178710938
0,1205.4947717189789,0.000466860830783844,-0.000505681149661541,-0.00017344843945465982
1,1205.4947717189789,0.014304309152066708,-0.012061295099556446,0.9998881816864014
2,1205.4947717189789,-13.492961883544922,-35.28221893310547,30.861658096313477
0,1205.7998008728027,-0.0019764620810747147,0.0004106159321963787,-0.00017348170513287187
1,1205.7998008728027,0.014546754769980907,-0.013991101644933224,1.0015939474105835
2,1205.7998008728027,-13.700103759765625,-35.07387161254883,30.36611557006836
0,1206.104659318924,0.0007722368463873863,0.0013269127812236547,-0.00017348930123262107
1,1206.104659318924,0.01624387688934803,-0.014473553746938705,1.0030561685562134
2,1206.104659318924,-13.603060722351074,-35.04999542236328,30.344633102416992
0,1206.4095783233643,0.001077757216989994,-0.00020027672871947289,-0.0010897947940975428
1,1206.4095783233643,0.015274092555046082,-0.012543746270239353,1.0006192922592163
2,1206.4095783233643,-13.960556983947754,-34.75851058959961,29.92766761779785
0,1206.7141478061676,0.002299036830663681,-0.0005055565852671862,0.0019644724670797586
1,1206.7141478061676,0.014304309152066708,-0.013991101644933224,1.0015939474105835
2,1206.7141478061676,-13.668302536010742,-34.818355560302734,29.997385025024414
0,1207.0192031860352,-0.001976572908461094,-0.001421906752511859,0.0016587499994784594
1,1207.0192031860352,0.014061863534152508,-0.013026198372244835,1.002325177192688
2,1207.0192031860352,-14.039848327636719,-34.662689208984375,30.039920806884766
0,1207.325454711914,-0.00014401786029338837,0.001326755154877901,0.0013529761927202344
1,1207.325454711914,0.01575898379087448,-0.014232328161597252,1.0054932832717896
2,1207.325454711914,-13.694826126098633,-34.35601043701172,29.742990493774414
0,1207.6325109004974,0.0007722135633230209,0.00010510068386793137,-0.00047988357255235314
1,1207.6325109004974,0.014789201319217682,-0.013026198372244835,1.0015939474105835
2,1207.6325109004974,-13.703410148620605,-34.73357009887695,29.910457611083984
0,1207.941249847412,-0.0016710571944713593,-0.00020020431838929653,0.0007414545980282128
1,1207.941249847412,0.015031646937131882,-0.013991101644933224,1.0040310621261597
2,1207.941249847412,-13.46012020111084,-34.616146087646484,30.615755081176758
0,1208.2498297691345,-0.0025871647521853447,-0.001727368449792266,-0.0013964526588097215
1,1208.2498297691345,0.013334525749087334,-0.013991101644933224,1.0030561685562134
2,1208.2498297691345,-13.512140274047852,-34.660438537597656,30.007165908813477
0,1208.559749364853,0.0007726037874817848,0.0010214471258223057,0.0004358534642960876
1,1208.559749364853,0.014789201319217682,-0.013991101644933224,1.0025688409805298
2,1208.559749364853,-13.738228797912598,-35.014862060546875,30.528911590576172
0,1208.8711223602295,0.0007723579183220863,0.0010213435161858797,0.0016508531989529729
1,1208.8711223602295,0.014789201319217682,-0.014232328161597252,1.0028126239776611
2,1208.8711223602295,-13.96813678741455,-35.0518913269043,31.057165145874023
0,1209.1802809238434,-0.0010602520778775215,-0.0005058459937572479,0.0010397771839052439
1,1209.1802809238434,0.014789201319217682,-0.014714779332280159,1.002325177192688
2,1209.1802809238434,-13.799761772155762,-34.84202575683594,30.855100631713867
0,1209.489548921585,-0.001365366391837597,-0.0008112534414976835,0.0034829501528292894
1,1209.489548921585,0.015274092555046082,-0.013508650474250317,1.0013504028320312
2,1209.489548921585,-13.985581398010254,-34.81847381591797,31.092201232910156
0,1209.7967956066132,-0.0004489552229642868,0.0010212128981947899,0.0016499898629263043
1,1209.7967956066132,0.01672876812517643,-0.014956005848944187,1.000862956047058
2,1209.7967956066132,-13.785212516784668,-34.8066520690918,31.07073211669922
0,1210.1030912399292,-0.0016705729067325592,-0.001116687897592783,0.000733635388314724
1,1210.1030912399292,0.015031646937131882,-0.013991101644933224,1.0018377304077148
2,1210.1030912399292,-13.865327835083008,-34.282432556152344,30.560392379760742
0,1210.4081981182098,0.001383557915687561,-0.0002004164271056652,0.0004281204892322421
1,1210.4081981182098,0.013334525749087334,-0.014714779332280159,1.0054932832717896
2,1210.4081981182098,-13.735856056213379,-34.880035400390625,31.220457077026367
0,1210.7254343032837,0.003216163720935583,-0.001727554714307189,0.0019549448043107986
1,1210.7254343032837,0.014789201319217682,-0.0123025206848979,0.9996444582939148
2,1210.7254343032837,-13.755598068237305,-34.538002014160156,31.04468536376953
0,1211.0361239910126,0.0004673069342970848,0.00041031907312572,0.0001221128331962973
1,1211.0361239910126,0.014061863534152508,-0.014473553746938705,1.002325177192688
2,1211.0361239910126,-14.016143798828125,-34.88467788696289,30.73126983642578
0,1211.344833612442,-0.0010600769892334938,0.0004100359510630369,0.0016492194263264537
1,1211.344833612442,0.01600143127143383,-0.01519723143428564,1.0030561685562134
2,1211.344833612442,-14.129706382751465,-35.051212310791016,31.299192428588867
0,1211.6574342250824,-0.00136537104845047,-0.0014224580954760313,-0.0004889166448265314
1,1211.6574342250824,0.015031646937131882,-0.013991101644933224,1.0011066198349
2,1211.6574342250824,-14.195262908935547,-34.82197189331055,30.743303298950195
0,1211.963116645813,-0.00014329701662063599,-0.0008114906959235668,0.0016489012632519007
1,1211.963116645813,0.014061863534152508,-0.015679681673645973,1.0020813941955566
2,1211.963116645813,-14.057962417602539,-34.83823776245117,30.445890426635742
0,1212.2680718898773,0.0013837218284606934,0.0016316098626703024,0.00012163053179392591
1,1212.2680718898773,0.014789201319217682,-0.014232328161597252,1.0013504028320312
2,1212.2680718898773,-13.766219139099121,-35.061058044433594,30.89029884338379


Python 3.7.3 (/usr/bin/python3)
>>> 
