0,16.033509731292725,0.0021646590903401375,0.0005860700039193034,0.0005625742487609386
1,16.033509731292725,-0.9796599745750427,-0.018300000578165054,0.03245199844241142
4,16.033509731292725,-1.0277816842178742,-1.0701579065496698,-1.026695114414495
5,16.033509731292725,-1.0277816842178742,0,-1.0277816842178742,19.77726123973603
6,16.033509731292725,-1.0277816842178742,19.77726123973603,True,False,19.77726123973603
0,16.08184814453125,0.0012269401922821999,-8.827773854136467e-06,0.010753999464213848
1,16.08184814453125,-0.9813680052757263,-0.037331998348236084,0.030988000333309174
4,16.08184814453125,-1.0275107414152402,-2.178525347631669,-0.9969109765806704
5,16.08184814453125,-1.0275107414152402,0,-1.0275107414152402,19.35161962716965
6,16.08184814453125,-1.0275107414152402,19.35161962716965,True,False,19.35161962716965
0,16.156785249710083,0.0023973360657691956,0.000561782973818481,0.031270142644643784
1,16.156785249710083,-0.9720959663391113,-0.017324000597000122,0.033427998423576355
4,16.156785249710083,-0.8964430501247341,-1.0209764169770168,-0.8626501220375418
5,16.156785249710083,-0.8964430501247341,0,-0.8964430501247341,4.686323860671717
6,16.156785249710083,-0.8964430501247341,4.686323860671717,False,False,0
0,16.21779441833496,0.00228714756667614,0.0025896355509757996,0.036738570779561996
1,16.21779441833496,-0.8161799907684326,-0.04782399907708168,0.03391600027680397
4,16.21779441833496,-0.8326555390178727,-3.3534071479691874,-0.7342279542909032
5,16.21779441833496,-0.8326555390178727,0,-0.8326555390178727,5.3870126506687654
6,16.21779441833496,-0.8326555390178727,5.3870126506687654,False,False,0
0,16.263057708740234,0.008395800366997719,-0.01665261946618557,0.22427420318126678
1,16.263057708740234,-0.7424919605255127,0.053435999900102615,0.04050400108098984
4,16.263057708740234,-0.14183844053235228,4.116391675767311,-0.15259624340280997
5,16.263057708740234,-0.14183844053235228,0,-0.14183844053235228,-82.78900847753974
6,16.263057708740234,-0.14183844053235228,-82.78900847753974,False,True,82.78900847753974
0,16.311649560928345,-0.06612975895404816,-0.009627670049667358,8.665677160024643e-05
1,16.311649560928345,-0.8669319748878479,0.08710800111293793,0.03391600027680397
4,16.311649560928345,0.005386123450141694,5.737734907969869,-0.1523549815874885
5,16.311649560928345,0.005386123450141694,0,0.005386123450141694,-34.42361019074768
6,16.311649560928345,0.005386123450141694,-34.42361019074768,False,True,34.42361019074768
0,16.353630781173706,-0.005348668433725834,0.00808742269873619,-0.05702924355864525
1,16.353630781173706,-1.0909240245819092,0.10369999706745148,0.03415999934077263
4,16.353630781173706,0.007257012944016511,5.430050798747912,-0.2895300866014059
5,16.353630781173706,0.007257012944016511,0,0.007257012944016511,-17.142590172722493
6,16.353630781173706,0.007257012944016511,-17.142590172722493,False,True,17.142590172722493
0,16.402345895767212,-0.007181263528764248,-0.01604175567626953,-0.20027713477611542
1,16.402345895767212,-0.9886879920959473,-0.1268799901008606,0.03684400022029877
4,16.402345895767212,-0.7207791700969377,-7.312892998330964,-0.8485377099440518
5,16.402345895767212,-0.7207791700969377,0,-0.7207791700969377,89.0322118760997
6,16.402345895767212,-0.7207791700969377,89.0322118760997,True,False,89.0322118760997
0,16.447284698486328,-0.00015368591994047165,-0.00646286690607667,-0.18549975752830505
1,16.447284698486328,-0.958187997341156,-0.037331998348236084,0.022447999566793442
4,16.447284698486328,-1.2242238850360936,-2.2311745155970826,-1.3261631779457463
5,16.447284698486328,-1.2242238850360936,0,-1.2242238850360936,80.60860887969045
6,16.447284698486328,-1.2242238850360936,80.60860887969045,True,False,80.60860887969045
0,16.493537187576294,0.01084188837558031,-0.00646286690607667,-0.01567922905087471
1,16.493537187576294,-0.9652639627456665,-0.13932399451732635,0.031964000314474106
4,16.493537187576294,-1.4394610774737115,-8.213218977970435,-1.367714270370628
5,16.493537187576294,-1.4394610774737115,0,-1.4394610774737115,57.3797332708268
6,16.493537187576294,-1.4394610774737115,57.3797332708268,True,False,57.3797332708268
0,16.538658380508423,0.01817227154970169,0.010030495002865791,0.21308979392051697
1,16.538658380508423,-1.0189440250396729,0.04806799814105034,0.03440399840474129
4,16.538658380508423,-0.7988334191649673,2.7008874647698478,-0.8168230449832892
5,16.538658380508423,-0.7988334191649673,0,-0.7988334191649673,-60.04087143969895
6,16.538658380508423,-0.7988334191649673,-60.04087143969895,False,True,60.04087143969895
0,16.58367657661438,-0.017868777737021446,-0.012571519240736961,0.313271701335907
1,16.58367657661438,-0.9113399982452393,0.03952799737453461,0.04684799909591675
4,16.58367657661438,0.07106368487975698,2.483561359815747,-0.008784855680513348
5,16.58367657661438,0.07106368487975698,0,0.07106368487975698,-115.79061140693382
6,16.58367657661438,0.07106368487975698,-115.79061140693382,False,True,100
0,16.628708839416504,-0.00015368591994047165,-0.004019405692815781,0.24424391984939575
1,16.628708839416504,-0.949891984462738,0.06173199787735939,0.012931999750435352
4,16.628708839416504,0.7766788018720502,3.7183343983571295,0.6214031947352394
5,16.628708839416504,0.7766788018720502,0,0.7766788018720502,-122.64441025298514
6,16.628708839416504,0.7766788018720502,-122.64441025298514,False,True,100
0,16.673689603805542,-0.023977430537343025,-0.007073731627315283,-0.14396092295646667
1,16.673689603805542,-0.9376919865608215,-0.05245999991893768,0.04758000001311302
4,16.673689603805542,0.31546691237760743,-3.2021245585220988,0.25038595834078914
5,16.673689603805542,0.31546691237760743,0,0.31546691237760743,19.520092951255272
6,16.673689603805542,0.31546691237760743,19.520092951255272,True,False,19.520092951255272
0,16.722471952438354,-0.020617671310901642,-0.002492242492735386,-0.42190462350845337
1,16.722471952438354,-0.9835639595985413,0.008295999839901924,0.027084000408649445
4,16.722471952438354,-0.8300904982517462,0.4832573433319656,-0.9288470379701982
5,16.722471952438354,-0.8300904982517462,0,-0.8300904982517462,138.7494425456379
6,16.722471952438354,-0.8300904982517462,138.7494425456379,True,False,100
0,16.767503261566162,-0.010538395494222641,0.008197898976504803,-0.304313063621521
1,16.767503261566162,-0.9813680052757263,0.003903999924659729,0.03001200035214424
4,16.767503261566162,-1.5691703850619998,0.22792829779645699,-1.714006378187079
5,16.767503261566162,-1.5691703850619998,0,-1.5691703850619998,120.02217147541162
6,16.767503261566162,-1.5691703850619998,120.02217147541162,True,False,100
0,16.812726497650146,0.0004494953900575638,0.007159221451729536,0.12572495639324188
1,16.812726497650146,-0.973315954208374,-0.08417999744415283,0.030499998480081558
4,16.812726497650146,-1.335896466820459,-4.943087864482209,-1.3882403728260062
5,16.812726497650146,-1.335896466820459,0,-1.335896466820459,3.9312883815169677
6,16.812726497650146,-1.335896466820459,3.9312883815169677,False,False,0
0,16.8577139377594,0.01484604086726904,0.011807753704488277,0.32674771547317505
1,16.8577139377594,-1.0348039865493774,0.09125600010156631,0.03757599741220474
4,16.8577139377594,-0.3553405303745286,5.0396911516450675,-0.5460185820728861
5,16.8577139377594,-0.3553405303745286,0,-0.3553405303745286,-111.52020555143488
6,16.8577139377594,-0.3553405303745286,-111.52020555143488,False,True,100
0,16.903680324554443,-0.007145107723772526,-0.012932289391756058,0.30689460039138794
1,16.903680324554443,-1.0296800136566162,-0.05416800081729889,0.03928399831056595
4,16.903680324554443,0.3663145317157285,-3.011362276976471,0.26224357767614537
5,16.903680324554443,0.3663145317157285,0,0.3663145317157285,-85.20965609524465
6,16.903680324554443,0.3663145317157285,-85.20965609524465,False,True,85.20965609524465
0,16.972687005996704,-0.011726598255336285,-0.006518203765153885,-0.276787132024765
1,16.972687005996704,-0.8810839653015137,-0.23082399368286133,0.040748000144958496
4,16.972687005996704,-1.0768500577329576,-14.680282128011697,-0.832115061252573
5,16.972687005996704,-1.0768500577329576,0,-1.0768500577329576,117.6969982333697
6,16.972687005996704,-1.0768500577329576,117.6969982333697,True,False,100
0,17.04782795906067,0.010569984093308449,-0.06974276155233383,-0.43072518706321716
1,17.04782795906067,-0.9386679530143738,-0.05929199978709221,0.03294000029563904
4,17.04782795906067,-2.9483116428332163,-3.614349375655612,-2.6864987557676425
5,17.04782795906067,-2.9483116428332163,0,-2.9483116428332163,216.28528434469686
6,17.04782795906067,-2.9483116428332163,216.28528434469686,True,False,100
0,17.120046377182007,0.010264551267027855,0.024330491200089455,0.3352998197078705
1,17.120046377182007,-1.1184959411621094,0.004879999905824661,0.04440800100564957
4,17.120046377182007,-1.5156323946955261,0.2499800081536084,-1.29909162052352
5,17.120046377182007,-1.5156323946955261,0,-1.5156323946955261,-59.00684200495688
6,17.120046377182007,-1.5156323946955261,-59.00684200495688,False,True,59.00684200495688
0,17.194406270980835,0.012097147293388844,-0.0007149837911128998,0.36767569184303284
1,17.194406270980835,-0.9974719882011414,-0.0378200002014637,0.048312000930309296
4,17.194406270980835,-0.004702914347550845,-2.171378157430076,0.2673936352881099
5,17.194406270980835,-0.004702914347550845,0,-0.004702914347550845,-153.15153008298887
6,17.194406270980835,-0.004702914347550845,-153.15153008298887,False,True,100
0,17.246123552322388,0.0050721969455480576,0.004477370530366898,0.004210878163576126
1,17.246123552322388,-0.9969840049743652,0.0500199981033802,0.06148799881339073
4,17.246123552322388,0.07938522333420128,2.872196264575542,0.2798712334508533
5,17.246123552322388,0.07938522333420128,0,0.07938522333420128,-29.496684938111386
6,17.246123552322388,0.07938522333420128,-29.496684938111386,False,True,29.496684938111386
0,17.291245222091675,0.0029341685585677624,-0.01690291240811348,-0.12681971490383148
1,17.291245222091675,-0.9218319654464722,-0.04391999915242195,0.06075599789619446
4,17.291245222091675,-0.31046122460962544,-2.727752120412688,-0.04799339665186925
5,17.291245222091675,-0.31046122460962544,0,-0.31046122460962544,39.46206228652842
6,17.291245222091675,-0.31046122460962544,39.46206228652842,True,False,39.46206228652842
0,17.33366560935974,-0.025165632367134094,-0.020568104460835457,-0.3232128918170929
1,17.33366560935974,-0.8432639837265015,-0.057339999824762344,0.028303999453783035
4,17.33366560935974,-1.1658821007074365,-3.8899924483639072,-0.8335652894764374
5,17.33366560935974,-1.1658821007074365,0,-1.1658821007074365,118.13095383768797
6,17.33366560935974,-1.1658821007074365,118.13095383768797,True,False,100
0,17.37870979309082,0.003545033745467663,0.008447994478046894,-0.14514566957950592
1,17.37870979309082,-0.9862479567527771,-0.040748000144958496,0.008295999839901924
4,17.37870979309082,-1.5611155148327764,-2.365897253573565,-1.2081632744032955
5,17.37870979309082,-1.5611155148327764,0,-1.5611155148327764,81.16212841217266
6,17.37870979309082,-1.5611155148327764,81.16212841217266,True,False,81.16212841217266
0,17.423595428466797,0.005683062132447958,0.008447994478046894,0.212821364402771
1,17.423595428466797,-1.0016199350357056,0.009027999825775623,0.05514399707317352
4,17.423595428466797,-0.9755354240701108,0.5164157204211474,-0.6608383411916878
5,17.423595428466797,-0.9755354240701108,0,-0.9755354240701108,-42.01979699512775
6,17.423595428466797,-0.9755354240701108,-42.01979699512775,False,True,42.01979699512775
0,17.473660945892334,0.02523075044155121,0.013029484078288078,0.30567285418510437
1,17.473660945892334,-1.0965359210968018,0.0378200002014637,0.03903999924659729
4,17.473660945892334,-0.046847918986208645,1.9753732754760482,0.21599733839318214
5,17.473660945892334,-0.046847918986208645,0,-0.046847918986208645,-118.70734379101842
6,17.473660945892334,-0.046847918986208645,-118.70734379101842,False,True,100
0,17.518692016601562,-0.007145107723772526,-0.012932289391756058,0.227176696062088
1,17.518692016601562,-0.9979599714279175,0.046115998178720474,0.00634399987757206
4,17.518692016601562,0.5919505381558394,2.6457711732151066,0.8021337279696079
5,17.518692016601562,0.5919505381558394,0,0.5919505381558394,-109.5148228637228
6,17.518692016601562,0.5919505381558394,-109.5148228637228,False,True,100
0,17.563649892807007,-0.01142116542905569,-0.0013258489780128002,-0.1155187115073204
1,17.563649892807007,-0.9347639679908752,-0.0009759999811649323,0.05831599980592728
4,17.563649892807007,0.2855310467863712,-0.05982329370773657,0.5045694760999886
5,17.563649892807007,0.2855310467863712,0,0.2855310467863712,3.058239911958701
6,17.563649892807007,0.2855310467863712,3.058239911958701,False,False,0
0,17.613704681396484,-0.023638468235731125,-0.00102041638456285,-0.3775798976421356
1,17.613704681396484,-0.8786439895629883,0.02513200044631958,0.01634800061583519
4,17.613704681396484,-0.7364475887836079,1.6383940138189579,-0.5783025338956973
5,17.613704681396484,-0.7364475887836079,0,-0.7364475887836079,121.43979378503442
6,17.613704681396484,-0.7364475887836079,121.43979378503442,True,False,100
0,17.65876007080078,-0.005617945455014706,-0.004380174912512302,-0.3372628092765808
1,17.65876007080078,-0.9096319675445557,-0.08808399736881256,0.029279999434947968
4,17.65876007080078,-1.7051833284309077,-5.530978392052082,-1.4489409642193776
5,17.65876007080078,-1.7051833284309077,0,-1.7051833284309077,150.17068160260388
6,17.65876007080078,-1.7051833284309077,150.17068160260388,True,False,100
0,17.70362877845764,0.013318877667188644,0.0002013141056522727,-0.03335733339190483
1,17.70362877845764,-0.9667279720306396,-0.14640000462532043,0.03537999838590622
4,17.70362877845764,-1.9614486174983035,-8.61136477285081,-1.534695582636709
5,17.70362877845764,-1.9614486174983035,0,-1.9614486174983035,77.21186799427983
6,17.70362877845764,-1.9614486174983035,77.21186799427983,True,False,77.21186799427983
0,17.752338409423828,0.020954692736268044,0.014556647278368473,0.22015175223350525
1,17.752338409423828,-1.069208025932312,0.14908400177955627,0.01634800061583519
4,17.752338409423828,-1.1149156867829302,7.937804534759748,-0.920283683242943
5,17.752338409423828,-1.1149156867829302,0,-1.1149156867829302,-72.68656887964514
6,17.752338409423828,-1.1149156867829302,-72.68656887964514,False,True,72.68656887964514
0,17.79732584953308,-0.02333303540945053,-0.025149593129754066,0.4101308286190033
1,17.79732584953308,-0.9542839527130127,-0.06929600238800049,0.0773480013012886
4,17.79732584953308,-0.1601543089195836,-4.153283538834494,0.1368656235925808
5,17.79732584953308,-0.1601543089195836,0,-0.1601543089195836,-117.93172447318145
6,17.79732584953308,-0.1601543089195836,-117.93172447318145,False,True,100
0,17.842599391937256,0.01484604086726904,-0.006518203765153885,0.03689216822385788
1,17.842599391937256,-0.9735599756240845,0.06856399774551392,0.006831999868154526
4,17.842599391937256,0.03786638330793629,4.028464888190724,0.23256327723336256
5,17.842599391937256,0.03786638330793629,0,0.03786638330793629,-41.0392317528312
6,17.842599391937256,0.03786638330793629,-41.0392317528312,False,True,41.0392317528312
0,17.887609243392944,-0.020538490265607834,-0.01481703482568264,-0.1811445653438568
1,17.887609243392944,-1.0487120151519775,-0.03513599932193756,0.0348920002579689
4,17.887609243392944,-0.4665235881164639,-1.9189173828297923,-0.23458582765992664
5,17.887609243392944,-0.4665235881164639,0,-0.4665235881164639,47.73208408388517
6,17.887609243392944,-0.4665235881164639,47.73208408388517,True,False,47.73208408388517
0,17.942780256271362,-0.022676518186926842,-0.008097516372799873,-0.2068009078502655
1,17.942780256271362,-0.9747799634933472,-0.057583998888731,0.020495999604463577
4,17.942780256271362,-1.176747895515016,-3.380752932131486,-0.888297185401646
5,17.942780256271362,-1.176747895515016,0,-1.176747895515016,71.15248510170906
6,17.942780256271362,-1.176747895515016,71.15248510170906,True,False,71.15248510170906
0,18.017010927200317,0.004812417086213827,0.014809930697083473,0.08030576258897781
1,18.017010927200317,-0.9913719892501831,0.045871999114751816,0.0453839972615242
4,18.017010927200317,-0.7480877341128597,2.649256432688813,-0.5467484128918405
5,18.017010927200317,-0.7480877341128597,0,-0.7480877341128597,-22.14835839873389
6,18.017010927200317,-0.7480877341128597,-22.14835839873389,False,True,22.14835839873389
0,18.087947607040405,0.0075613101944327354,-0.060631927102804184,0.3078530728816986
1,18.087947607040405,-0.9762439727783203,0.0331839993596077,0.02000799961388111
4,18.087947607040405,0.5392337453188248,1.946820058917785,0.7044811097808963
5,18.087947607040405,0.5392337453188248,0,0.5392337453188248,-127.27921256926896
6,18.087947607040405,0.5392337453188248,-127.27921256926896,False,True,100
0,18.15993070602417,-0.01107008010149002,0.00014916411601006985,-0.15915340185165405
1,18.15993070602417,-0.9979599714279175,0.03171999752521515,0.04782399907708168
4,18.15993070602417,-0.06872476698486968,1.8205242439418676,0.048080315145746955
5,18.15993070602417,-0.06872476698486968,0,-0.06872476698486968,24.776379644607097
6,18.15993070602417,-0.06872476698486968,24.776379644607097,True,False,24.776379644607097
0,18.230518579483032,-0.020538490265607834,-0.017260495573282242,-0.2724689245223999
1,18.230518579483032,-0.9189040064811707,-0.006099999882280827,0.007563999854028225
4,18.230518579483032,-1.1509358279080926,-0.38034344394874386,-1.0538895248533569
5,18.230518579483032,-1.1509358279080926,0,-1.1509358279080926,147.03889959324596
6,18.230518579483032,-1.1509358279080926,147.03889959324596,True,False,100
0,18.273723602294922,-0.006794022396206856,0.005341518670320511,-0.21321499347686768
1,18.273723602294922,-0.9962520003318787,-0.07393199950456619,0.037087999284267426
4,18.273723602294922,-1.7428773287343113,-4.244148129236754,-1.5816958769487437
5,18.273723602294922,-1.7428773287343113,0,-1.7428773287343113,103.6434076364772
6,18.273723602294922,-1.7428773287343113,103.6434076364772,True,False,100
0,18.32238745689392,0.008635426871478558,0.0091556366533041,0.12310008704662323
1,18.32238745689392,-0.9759999513626099,0.00634399987757206,0.02781599946320057
4,18.32238745689392,-1.355343972285904,0.3724173333883462,-1.2384640924407018
5,18.32238745689392,-1.355343972285904,0,-1.355343972285904,-13.658985856865957
6,18.32238745689392,-1.355343972285904,-13.658985856865957,False,True,13.658985856865957
0,18.3673894405365,0.021769030019640923,0.0015198206529021263,0.31918781995773315
1,18.3673894405365,-0.9620919823646545,-0.054655998945236206,0.058803997933864594
4,18.3673894405365,-0.6003202545385715,-3.2514518156563508,-0.415462642357016
5,18.3673894405365,-0.6003202545385715,0,-0.6003202545385715,-78.85240878550974
6,18.3673894405365,-0.6003202545385715,-78.85240878550974,False,True,78.85240878550974
0,18.41368293762207,-0.0002221185714006424,-0.004894264042377472,0.19793108105659485
1,18.41368293762207,-0.9852719902992249,-0.01756799966096878,0.011711999773979187
4,18.41368293762207,-0.09897817270286348,-1.0215103970645216,0.10953411189822171
5,18.41368293762207,-0.09897817270286348,0,-0.09897817270286348,-66.28249459153334
6,18.41368293762207,-0.09897817270286348,-66.28249459153334,False,True,66.28249459153334
0,18.462352752685547,-0.006705217994749546,-0.01322531420737505,-0.15126223862171173
1,18.462352752685547,-0.9984479546546936,0.0605119988322258,0.04050400108098984
4,18.462352752685547,-0.42105892823228136,3.468229349277754,-0.3122719840801714
5,18.462352752685547,-0.42105892823228136,0,-0.42105892823228136,32.234659796430506
6,18.462352752685547,-0.42105892823228136,32.234659796430506,True,False,32.234659796430506
0,18.50739073753357,-0.015257331542670727,-0.018112236633896828,-0.20471295714378357
1,18.50739073753357,-0.9030439853668213,-0.03855200111865997,0.04123599827289581
4,18.50739073753357,-0.986698474092604,-2.444539296201857,-0.8405309960402569
5,18.50739073753357,-0.986698474092604,0,-0.986698474092604,77.54056933143164
6,18.50739073753357,-0.986698474092604,77.54056933143164,True,False,77.54056933143164
0,18.553587198257446,-0.007926949299871922,0.004795210435986519,-0.1573708951473236
1,18.553587198257446,-0.9579439759254456,-0.039772000163793564,0.004391999915242195
4,18.553587198257446,-1.4275927552797374,-2.377445674140827,-1.2570700741796699
5,18.553587198257446,-1.4275927552797374,0,-1.4275927552797374,76.8835399099516
6,18.553587198257446,-1.4275927552797374,76.8835399099516,True,False,76.8835399099516
0,18.602368354797363,0.011725731194019318,0.009219108149409294,0.09902690351009369
1,18.602368354797363,-0.9674599766731262,0.02781599946320057,0.046115998178720474
4,18.602368354797363,-1.0808743926820683,1.6468902814896103,-0.9802943955351209
5,18.602368354797363,-1.0808743926820683,0,-1.0808743926820683,-18.954514281984753
6,18.602368354797363,-1.0808743926820683,-18.954514281984753,False,True,18.954514281984753
0,18.647408723831177,0.0227213054895401,0.004637619014829397,0.3051939308643341
1,18.647408723831177,-0.9730719923973083,-0.0024399999529123306,0.058559998869895935
4,18.647408723831177,-0.2895435554124322,-0.14367015739681266,-0.19270390180434682
5,18.647408723831177,-0.2895435554124322,0,-0.2895435554124322,-93.821301857512
6,18.647408723831177,-0.2895435554124322,-93.821301857512,False,True,93.821301857512
0,18.693659782409668,-0.005378495901823044,0.002499590627849102,0.26273879408836365
1,18.693659782409668,-0.9564799666404724,-0.0348920002579689,0.0056119998916983604
4,18.693659782409668,0.34431393929818854,-2.08920032568044,0.5035513945723926
5,18.693659782409668,0.34431393929818854,0,0.34431393929818854,-100.73541314063263
6,18.693659782409668,0.34431393929818854,-100.73541314063263,False,True,100
0,18.738701581954956,-0.0005736071616411209,-0.006716355215758085,-0.09188258647918701
1,18.738701581954956,-0.9918599724769592,0.07368800044059753,0.04391999915242195
4,18.738701581954956,0.21073366466836438,4.24885517332671,0.26642954279748265
5,18.738701581954956,0.21073366466836438,0,0.21073366466836438,-10.821681482189309
6,18.738701581954956,0.21073366466836438,-10.821681482189309,False,False,0
0,18.78359317779541,-0.01828869804739952,-0.017711929976940155,-0.2430717498064041
1,18.78359317779541,-0.9906399846076965,-0.10394399613142014,0.037331998348236084
4,18.78359317779541,-0.5538567929774972,-5.989905277081945,-0.35877505628159834
5,18.78359317779541,-0.5538567929774972,0,-0.5538567929774972,85.90118788965995
6,18.78359317779541,-0.5538567929774972,85.90118788965995,True,False,85.90118788965995
0,18.828604221343994,0.011338265612721443,0.024132339283823967,-0.319429874420166
1,18.828604221343994,-1.0616439580917358,0.05636399984359741,0.010247999802231789
4,18.828604221343994,-1.2672306954001638,3.039051059041923,-1.1825664395873954
5,18.828604221343994,-1.2672306954001638,0,-1.2672306954001638,105.3037709832674
6,18.828604221343994,-1.2672306954001638,105.3037709832674,True,False,100
0,18.87356162071228,-0.0036279335618019104,-0.0103815458714962,0.0745781883597374
1,18.87356162071228,-1.0584720373153687,-0.09857599437236786,0.04050400108098984
4,18.87356162071228,-1.1812647484989653,-5.320635617718857,-0.9904627780908152
5,18.87356162071228,-1.1812647484989653,0,-1.1812647484989653,14.023035446186013
6,18.87356162071228,-1.1812647484989653,14.023035446186013,True,False,14.023035446186013
0,18.922139883041382,0.01714148558676243,0.0009194606682285666,0.4236876964569092
1,18.922139883041382,-0.8366760015487671,-0.052216000854969025,0.03903999924659729
4,18.922139883041382,-0.09123059265401724,-3.571133095943878,0.18879964706925756
5,18.922139883041382,-0.09123059265401724,0,-0.09123059265401724,-96.01388369683896
6,18.922139883041382,-0.09123059265401724,-96.01388369683896,False,True,96.01388369683896
0,18.993714094161987,-0.0042387982830405235,-0.009159816429018974,0.05167074501514435
1,18.993714094161987,-1.0287039279937744,0.09491600096225739,0.022204000502824783
4,18.993714094161987,0.24943972598482672,5.271615940127398,0.40069621662752275
5,18.993714094161987,0.24943972598482672,0,0.24943972598482672,-51.26082569538411
6,18.993714094161987,0.24943972598482672,-51.26082569538411,False,True,51.26082569538411
0,19.064331531524658,-0.002406202256679535,-0.007938085123896599,-0.2748367190361023
1,19.064331531524658,-0.9313479661941528,-0.1268799901008606,0.044895999133586884
4,19.064331531524658,-1.0349525669352646,-7.757797242045578,-0.7113154435974323
5,19.064331531524658,-1.0349525669352646,0,-1.0349525669352646,108.41306383330655
6,19.064331531524658,-1.0349525669352646,108.41306383330655,True,False,100
0,19.135206699371338,0.005535045638680458,-0.006716355215758085,-0.1835123896598816
1,19.135206699371338,-0.8932839632034302,0.003415999934077263,0.028303999453783035
4,19.135206699371338,-1.7301866920631739,0.21910325613111542,-1.4565313622687852
5,19.135206699371338,-1.7301866920631739,0,-1.7301866920631739,90.98689687507095
6,19.135206699371338,-1.7301866920631739,90.98689687507095,True,False,90.98689687507095
0,19.207392692565918,0.011949130333960056,0.022605177015066147,0.1912534385919571
1,19.207392692565918,-1.0633519887924194,0.17299599945545197,0.03806399926543236
4,19.207392692565918,-0.6846808830818197,9.240453440756893,-0.6655161769756032
5,19.207392692565918,-0.6846808830818197,0,-0.6846808830818197,-67.27659548663695
6,19.207392692565918,-0.6846808830818197,-67.27659548663695,False,True,67.27659548663695
0,19.277923822402954,-0.03753095492720604,-0.011603277176618576,0.49027198553085327
1,19.277923822402954,-1.0836039781570435,-0.021959999576210976,0.03611199930310249
4,19.277923822402954,1.2351360333519292,-1.1609804988097467,1.315739624898189
5,19.277923822402954,1.2351360333519292,0,1.2351360333519292,-202.27173037756933
6,19.277923822402954,1.2351360333519292,-202.27173037756933,False,True,100
0,19.34253740310669,-0.015234372578561306,-0.009159816429018974,-0.09554778039455414
1,19.34253740310669,-1.0140639543533325,0.03855200111865997,0.037087999284267426
4,19.34253740310669,0.9138043312297506,2.1771838917884767,0.9620135750693762
5,19.34253740310669,0.9138043312297506,0,0.9138043312297506,-14.9513879403436
6,19.34253740310669,0.9138043312297506,-14.9513879403436,False,True,14.9513879403436
0,19.387592792510986,-0.011569180525839329,-0.026874909177422523,-0.16732445359230042
1,19.387592792510986,-1.0333399772644043,-0.046115998178720474,0.03269600123167038
4,19.387592792510986,0.40592986046586615,-2.555306145886442,0.5300682326734998
5,19.387592792510986,0.40592986046586615,0,0.40592986046586615,23.512245132543974
6,19.387592792510986,0.40592986046586615,23.512245132543974,True,False,23.512245132543974
0,19.432800769805908,-0.010347451083362103,-0.008243517950177193,-0.2540673017501831
1,19.432800769805908,-1.0523719787597656,0.009759999811649323,0.014639999717473984
4,19.432800769805908,-0.23257384087776573,0.5313622715763278,-0.12802357411767296
5,19.432800769805908,-0.23257384087776573,0,-0.23257384087776573,54.92679803440255
6,19.432800769805908,-0.23257384087776573,54.92679803440255,True,False,54.92679803440255
0,19.48153567314148,0.007673073559999466,-0.012825006619095802,-0.10654335469007492
1,19.48153567314148,-0.966484010219574,-0.06002400070428848,0.04758000001311302
4,19.48153567314148,-0.605668929181987,-3.553820242266279,-0.42552503900947647
5,19.48153567314148,-0.605668929181987,0,-0.605668929181987,46.96876719532408
6,19.48153567314148,-0.605668929181987,46.96876719532408,True,False,46.96876719532408
0,19.523635625839233,0.004312688950449228,0.002818736480548978,0.033133432269096375
1,19.523635625839233,-0.9354959726333618,-0.030743999406695366,0.026839999482035637
4,19.523635625839233,-0.5596595417509397,-1.882282461736126,-0.34560224337368073
5,19.523635625839233,-0.5596595417509397,0,-0.5596595417509397,-4.129368663613265
6,19.523635625839233,-0.5596595417509397,-4.129368663613265,False,False,0
0,19.568724155426025,0.008283313363790512,0.012287148274481297,0.09024933725595474
1,19.568724155426025,-0.9989359974861145,0.010979999788105488,0.02659599855542183
4,19.568724155426025,-0.3026044038069888,0.6297523711474057,-0.11245368940291942
5,19.568724155426025,-0.3026044038069888,0,-0.3026044038069888,-36.71212634892358
6,19.568724155426025,-0.3026044038069888,-36.71212634892358,False,True,36.71212634892358
0,19.61371397972107,0.0033393087796866894,0.0009695669868960977,0.13317683339118958
1,19.61371397972107,-1.006011962890625,-0.003903999924659729,0.04367600008845329
4,19.61371397972107,0.034113272741065806,-0.22234486696631756,0.23083983688122192
5,19.61371397972107,0.034113272741065806,0,0.034113272741065806,-57.089941105978845
6,19.61371397972107,0.034113272741065806,-57.089941105978845,False,True,57.089941105978845
0,19.658712148666382,0.006051828619092703,0.0032437508925795555,0.05148277059197426
1,19.658712148666382,-0.9777079820632935,0.04636000096797943,0.024643998593091965
4,19.658712148666382,0.23054430392488948,2.7147618604162926,0.3635729820011635
5,19.658712148666382,0.23054430392488948,0,0.23054430392488948,-48.55620924156027
6,19.658712148666382,0.23054430392488948,-48.55620924156027,False,True,48.55620924156027
0,19.703700065612793,-0.010585593990981579,-0.005096100270748138,-0.11003280431032181
1,19.703700065612793,-0.97843998670578,-0.0007319999858736992,0.04050400108098984
4,19.703700065612793,-0.05282286918466039,-0.04286466471053976,0.07995047031535413
5,19.703700065612793,-0.05282286918466039,0,-0.05282286918466039,12.362900286622864
6,19.703700065612793,-0.05282286918466039,12.362900286622864,True,False,12.362900286622864
0,19.752382040023804,-0.017610542476177216,-0.005401533097028732,-0.20746581256389618
1,19.752382040023804,-0.933788001537323,-0.037087999284267426,0.02122800052165985
4,19.752382040023804,-0.6725755101614694,-2.2744664655037066,-0.4987280436013976
5,19.752382040023804,-0.6725755101614694,0,-0.6725755101614694,73.62230488775405
6,19.752382040023804,-0.6725755101614694,73.62230488775405,True,False,73.62230488775405
0,19.797354221343994,0.016903342679142952,0.02880691923201084,-0.26458171010017395
1,19.797354221343994,-1.052616000175476,0.03391600027680397,0.03757599741220474
4,19.797354221343994,-1.2743325389885245,1.8454703503758723,-1.1804800183095912
5,19.797354221343994,-1.2743325389885245,0,-1.2743325389885245,92.68724906113323
6,19.797354221343994,-1.2743325389885245,92.68724906113323,True,False,92.68724906113323
0,19.842548847198486,-0.006920401938259602,-0.009372157044708729,0.10804608464241028
1,19.842548847198486,-0.954039990901947,-0.044652000069618225,0.0287919994443655
4,19.842548847198486,-1.0366791694631217,-2.6796628715143966,-0.9006988615521043
5,19.842548847198486,-1.0366791694631217,0,-1.0366791694631217,-8.786211521465624
6,19.842548847198486,-1.0366791694631217,-8.786211521465624,False,False,0
0,19.88752269744873,0.009572959505021572,0.00864836759865284,0.2332734614610672
1,19.88752269744873,-1.0438319444656372,0.06734399497509003,0.0302559994161129
4,19.88752269744873,-0.3324032778468645,3.6913859076255826,-0.2995970516146279
5,19.88752269744873,-0.3324032778468645,0,-0.3324032778468645,-83.71821343430054
6,19.88752269744873,-0.3324032778468645,-83.71821343430054,False,True,83.71821343430054
0,19.933626890182495,-0.0008117500692605972,-0.017924271523952484,0.30718815326690674
1,19.933626890182495,-0.9354959726333618,-0.027327999472618103,0.06124399974942207
4,19.933626890182495,0.42524937744733593,-1.6732662837766807,0.5118636975571115
5,19.933626890182495,0.42524937744733593,0,0.42524937744733593,-117.51745085474367
6,19.933626890182495,0.42524937744733593,-117.51745085474367,False,True,100
0,19.97869873046875,-0.005087806843221188,0.008953800424933434,-0.08101670444011688
1,19.97869873046875,-0.9950319528579712,0.07954400032758713,0.017324000597000122
4,19.97869873046875,0.32489324572233064,4.570570929204542,0.3026440354864085
5,19.97869873046875,0.32489324572233064,0,0.32489324572233064,-18.94022501810304
6,19.97869873046875,0.32489324572233064,-18.94022501810304,False,True,18.94022501810304
0,20.02372169494629,-0.009669295512139797,-0.012731915339827538,-0.18852898478507996
1,20.02372169494629,-0.982587993144989,-0.0029279999434947968,0.024399999529123306
4,20.02372169494629,-0.16167333046240578,-0.17073437065169253,-0.18369020633450006
5,20.02372169494629,-0.16167333046240578,0,-0.16167333046240578,26.663580478353943
6,20.02372169494629,-0.16167333046240578,26.663580478353943,True,False,26.663580478353943
0,20.088565826416016,0.006409076042473316,0.00880331639200449,-0.19316822290420532
1,20.088565826416016,-0.9777079820632935,-0.02537599951028824,0.04172400012612343
4,20.088565826416016,-0.8945353696950602,-1.4867540763437321,-0.9013671505248809
5,20.088565826416016,-0.8945353696950602,0,-0.8945353696950602,61.58387107546173
6,20.088565826416016,-0.8945353696950602,61.58387107546173,True,False,61.58387107546173
0,20.16329550743103,-0.0027681002393364906,0.07528737187385559,0.06559991091489792
1,20.16329550743103,-0.9889319539070129,-0.04050400108098984,0.018055999651551247
4,20.16329550743103,-0.6569493899135518,-2.3453706258262392,-0.6204883185404831
5,20.16329550743103,-0.6569493899135518,0,-0.6569493899135518,-12.585628362450787
6,20.16329550743103,-0.6569493899135518,-12.585628362450787,False,True,12.585628362450787
0,20.23602795600891,0.013307218439877033,0.006749861873686314,0.19019703567028046
1,20.23602795600891,-0.9972279667854309,-0.03294000029563904,0.05050799995660782
4,20.23602795600891,0.08496322984668947,-1.891881391681184,0.17211262484867795
5,20.23602795600891,0.08496322984668947,0,0.08496322984668947,-73.19287794206514
6,20.23602795600891,0.08496322984668947,-73.19287794206514,False,True,73.19287794206514
0,20.306556224822998,0.0032404246740043163,-0.006964316125959158,-0.03603210300207138
1,20.306556224822998,-0.9977160096168518,-0.02147199958562851,0.021959999576210976
4,20.306556224822998,-0.08994748114634088,-1.2328809599995112,0.02650790049290838
5,20.306556224822998,-0.08994748114634088,0,-0.08994748114634088,-1.5067174790385138
6,20.306556224822998,-0.08994748114634088,-1.5067174790385138,False,False,0
0,20.364274501800537,-0.007624811492860317,-0.011952357366681099,-0.11230314522981644
1,20.364274501800537,-0.9833199977874756,0.05831599980592728,0.048555999994277954
4,20.364274501800537,-0.3649530540415042,3.393963031868589,-0.3448801361435394
5,20.364274501800537,-0.3649530540415042,0,-0.3649530540415042,24.353835303515826
6,20.364274501800537,-0.3649530540415042,24.353835303515826,True,False,24.353835303515826
0,20.40935754776001,-0.014344328083097935,-0.003094810526818037,-0.14193010330200195
1,20.40935754776001,-0.9679479598999023,-0.004147999919950962,0.014639999717473984
4,20.40935754776001,-0.7194172744475723,-0.24553121021087243,-0.7114952812736255
5,20.40935754776001,-0.7194172744475723,0,-0.7194172744475723,46.44669580083093
6,20.40935754776001,-0.7194172744475723,46.44669580083093,True,False,46.44669580083093
0,20.45359516143799,-0.0009052939713001251,-0.0012622149661183357,-0.05152205377817154
1,20.45359516143799,-0.9921039938926697,0.012199999764561653,0.02635199949145317
4,20.45359516143799,-0.8111429726058821,0.7045362882362672,-0.8420845502227596
5,20.45359516143799,-0.8111429726058821,0,-0.8111429726058821,18.87146922922712
6,20.45359516143799,-0.8111429726058821,18.87146922922712,True,False,18.87146922922712
0,20.502386331558228,0.0015381677076220512,0.002402976620942354,0.0825628712773323
1,20.502386331558228,-0.9845399856567383,-0.045871999114751816,0.05050799995660782
4,20.502386331558228,-0.6325180880829497,-2.6676139136838692,-0.6112777214536499
5,20.502386331558228,-0.6325180880829497,0,-0.6325180880829497,-16.58081997639905
6,20.502386331558228,-0.6325180880829497,-16.58081997639905,False,True,16.58081997639905
0,20.54735016822815,0.00431829271838069,0.00524512305855751,0.07317914813756943
1,20.54735016822815,-0.986735999584198,0.007807999849319458,0.02391199953854084
4,20.54735016822815,-0.42155716118176123,0.45336959541119026,-0.42275081395228065
5,20.54735016822815,-0.42155716118176123,0,-0.42155716118176123,-27.700961113228267
6,20.54735016822815,-0.42155716118176123,-27.700961113228267,False,True,27.700961113228267
0,20.592469215393066,-0.006066416390240192,-0.0023906922433525324,-0.00012468080967664719
1,20.592469215393066,-0.9991799592971802,-0.024156000465154648,0.040748000144958496
4,20.592469215393066,-0.4459550655949492,-1.3849030049934699,-0.423073130175763
5,20.592469215393066,-0.4459550655949492,0,-0.4459550655949492,-0.7150082189403308
6,20.592469215393066,-0.4459550655949492,-0.7150082189403308,False,False,0
0,20.637557983398438,-0.0035620657727122307,-0.00475290697067976,-0.04726957529783249
1,20.637557983398438,-0.9667279720306396,-0.0500199981033802,0.04270000010728836
4,20.637557983398438,-0.6279175944467978,-2.9619307785030657,-0.5451891671287329
5,20.637557983398438,-0.6279175944467978,0,-0.6279175944467978,22.709946676971402
6,20.637557983398438,-0.6279175944467978,22.709946676971402,True,False,22.709946676971402
0,20.68361759185791,-0.0002838866785168648,-0.003754154546186328,-0.03159510716795921
1,20.68361759185791,-0.9818559885025024,-0.06563600152730942,0.013175999745726585
4,20.68361759185791,-0.7891270627997784,-3.8244702169364926,-0.6285693238371822
5,20.68361759185791,-0.7891270627997784,0,-0.7891270627997784,25.059697418151604
6,20.68361759185791,-0.7891270627997784,25.059697418151604,True,False,25.059697418151604
0,20.732407093048096,0.006027169991284609,0.0005131305661052465,0.025692470371723175
1,20.732407093048096,-0.9630680084228516,-0.022447999566793442,0.037331998348236084
4,20.732407093048096,-0.7327542702136369,-1.3352564627194499,-0.5567477570842251
5,20.732407093048096,-0.7327542702136369,0,-0.7327542702136369,0.2922724252883002
6,20.732407093048096,-0.7327542702136369,0.2922724252883002,False,False,0
0,20.77755117416382,0.010004296898841858,0.0012026382610201836,0.05403036251664162
1,20.77755117416382,-0.9725840091705322,-0.02122800052165985,0.04928799718618393
4,20.77755117416382,-0.6094352195849893,-1.250361655290205,-0.41699469528364885
5,20.77755117416382,-0.6094352195849893,0,-0.6094352195849893,-11.231521616939364
6,20.77755117416382,-0.6094352195849893,-11.231521616939364,False,False,0
0,20.823748350143433,0.005098101682960987,-0.003725029295310378,0.045519839972257614
1,20.823748350143433,-1.0040600299835205,-0.0378200002014637,0.01756799966096878
4,20.823748350143433,-0.5306535032533987,-2.1571443757527504,-0.29650808478540824
5,20.823748350143433,-0.5306535032533987,0,-0.5306535032533987,-9.276160539186344
6,20.823748350143433,-0.5306535032533987,-9.276160539186344,False,False,0
0,20.869090795516968,0.0026546409353613853,-5.9837999287992716e-05,0.020779799669981003
1,20.869090795516968,-0.9711199998855591,0.01195599976927042,0.02903600037097931
4,20.869090795516968,-0.4471181808385667,0.705364650029008,-0.2425236041876936
5,20.869090795516968,-0.4471181808385667,0,-0.4471181808385667,-12.909373827098465
6,20.869090795516968,-0.4471181808385667,-12.909373827098465,False,True,12.909373827098465
0,20.913623332977295,-0.004296858794987202,-0.0018606281373649836,0.002712898887693882
1,20.913623332977295,-0.9747799634933472,-0.03660000115633011,0.04416399821639061
4,20.913623332977295,-0.48294801630547657,-2.150270896705799,-0.23560157092639006
5,20.913623332977295,-0.48294801630547657,0,-0.48294801630547657,1.6507278034742812
6,20.913623332977295,-0.48294801630547657,1.6507278034742812,False,False,0
0,20.958715200424194,-0.0015216059982776642,0.0009040821460075676,-0.012501001358032227
1,20.958715200424194,-0.9860039949417114,-0.025619998574256897,0.01634800061583519
4,20.958715200424194,-0.5395746300774877,-1.4884194946303788,-0.267898829197045
5,20.958715200424194,-0.5395746300774877,0,-0.5395746300774877,5.947286424785149
6,20.958715200424194,-0.5395746300774877,5.947286424785149,False,False,0
0,21.004260778427124,-0.0016904361546039581,-0.002399061806499958,0.0011540744453668594
1,21.004260778427124,-0.9872239828109741,-0.019763998687267303,0.03684400022029877
4,21.004260778427124,-0.5518212983057607,-1.1468952159457901,-0.2648871918448043
5,21.004260778427124,-0.5518212983057607,0,-0.5518212983057607,1.2631379792122157
6,21.004260778427124,-0.5518212983057607,1.2631379792122157,False,False,0
0,21.0579833984375,-0.00023353658616542816,-0.000512255821377039,0.001410860102623701
1,21.0579833984375,-0.9808799624443054,-0.0024399999529123306,0.025619998574256897
4,21.0579833984375,-0.5373547580136381,-0.14252652343307465,-0.2605444524393629
5,21.0579833984375,-0.5373547580136381,0,-0.5373547580136381,-1.5214540203107279
6,21.0579833984375,-0.5373547580136381,-1.5214540203107279,False,False,0
0,21.129048585891724,-0.0029486343264579773,-0.0007954811444506049,-0.001798140350729227
1,21.129048585891724,-0.9779520034790039,-0.007807999849319458,0.03806399926543236
4,21.129048585891724,-0.5424954419180522,-0.45744160331211103,-0.2678660040003397
5,21.129048585891724,-0.5424954419180522,0,-0.5424954419180522,-0.018190957395141594
6,21.129048585891724,-0.5424954419180522,-0.018190957395141594,False,False,0
0,21.20348286628723,-0.0011394042521715164,0.07642814517021179,-0.0024346988648176193
1,21.20348286628723,-0.9803919792175293,-0.02635199949145317,0.02903600037097931
4,21.20348286628723,-0.5775490278437483,-1.539685071333964,-0.27824943496474824
5,21.20348286628723,-0.5775490278437483,0,-0.5775490278437483,3.3058927410200183
6,21.20348286628723,-0.5775490278437483,3.3058927410200183,False,False,0
0,21.275816679000854,-0.0031934278085827827,-0.0022893177811056376,0.0030417446978390217
1,21.275816679000854,-0.9806360006332397,0.060999996960163116,0.03806399926543236
4,21.275816679000854,-0.46183242259230745,3.5594704881972943,-0.2656431607591946
5,21.275816679000854,-0.46183242259230745,0,-0.46183242259230745,-10.859919213864556
6,21.275816679000854,-0.46183242259230745,-10.859919213864556,False,False,0
0,21.350391149520874,-0.00044453423470258713,-0.0019838851876556873,-0.0030669074039906263
1,21.350391149520874,-0.9801479578018188,-0.02757199853658676,0.033427998423576355
4,21.350391149520874,-0.5033465655562135,-1.6113308553924512,-0.27874745013755603
5,21.350391149520874,-0.5033465655562135,0,-0.5033465655562135,2.5718887125189127
6,21.350391149520874,-0.5033465655562135,2.5718887125189127,False,False,0
0,21.39364528656006,-0.0007300172001123428,-0.00013110569852869958,-0.0017533926293253899
1,21.39364528656006,-0.9840520024299622,-0.02659599855542183,0.02659599855542183
4,21.39364528656006,-0.533703603776508,-1.548157611108677,-0.28309284714420535
5,21.39364528656006,-0.533703603776508,0,-0.533703603776508,2.57068992381968
6,21.39364528656006,-0.533703603776508,2.57068992381968,False,False,0
0,21.43865203857422,-0.00038519781082868576,-0.0028243823908269405,0.0012828074395656586
1,21.43865203857422,-0.9811239838600159,-0.011467999778687954,0.04025999829173088
4,21.43865203857422,-0.5338777147495113,-0.6696789358384749,-0.27978487552518394
5,21.43865203857422,-0.5338777147495113,0,-0.5338777147495113,-0.7911365923694686
6,21.43865203857422,-0.5338777147495113,-0.7911365923694686,False,False,0
0,21.483590841293335,0.00016767531633377075,-0.0012287464924156666,6.913486868143082e-05
1,21.483590841293335,-0.9813680052757263,-0.0287919994443655,0.028547998517751694
4,21.483590841293335,-0.562369663585253,-1.6804980081774519,-0.2796068668072795
5,21.483590841293335,-0.562369663585253,0,-0.562369663585253,3.006389484279139
6,21.483590841293335,-0.562369663585253,3.006389484279139,False,False,0
0,21.533719301223755,0.0013632839545607567,-0.0011776970932260156,-0.001389242708683014
1,21.533719301223755,-0.9835639595985413,-0.02025200054049492,0.031964000314474106
4,21.533719301223755,-0.5816902266144904,-1.1795778043921628,-0.28359697912426884
5,21.533719301223755,-0.5816902266144904,0,-0.5816902266144904,2.9427598012915985
6,21.533719301223755,-0.5816902266144904,2.9427598012915985,False,False,0
0,21.57876753807068,0.00013178866356611252,-0.0026298456359654665,0.001319380011409521
1,21.57876753807068,-0.9796599745750427,-0.014883999712765217,0.04001599922776222
4,21.57876753807068,-0.5855884219721219,-0.8704293132862172,-0.28019156188410294
5,21.57876753807068,-0.5855884219721219,0,-0.5855884219721219,1.3544684240644338
6,21.57876753807068,-0.5855884219721219,1.3544684240644338,False,False,0
0,21.62364363670349,-0.002595486119389534,-0.0007353475666604936,-0.0010815677233040333
1,21.62364363670349,-0.9830759763717651,-0.024643998593091965,0.024156000465154648
4,21.62364363670349,-0.6095602373201073,-1.436004419400965,-0.2829725007684766
5,21.62364363670349,-0.6095602373201073,0,-0.6095602373201073,4.186051410189934
6,21.62364363670349,-0.6095602373201073,4.186051410189934,False,False,0
0,21.672378540039062,-0.0001318175345659256,-0.0034034373238682747,-0.001015236135572195
1,21.672378540039062,-0.9813680052757263,-0.019519999623298645,0.03294000029563904
4,21.672378540039062,-0.6255726394146905,-1.1394972412014175,-0.28580734897109245
5,21.672378540039062,-0.6255726394146905,0,-0.6255726394146905,4.037965689041416
6,21.672378540039062,-0.6255726394146905,4.037965689041416,False,False,0
0,21.717376232147217,-0.00010218843817710876,-0.0026893988251686096,0.0010803211480379105
1,21.717376232147217,-0.9794159531593323,-0.015371999703347683,0.0348920002579689
4,21.717376232147217,-0.6296973776336117,-0.8991873101228217,-0.28302208892105946
5,21.717376232147217,-0.6296973776336117,0,-0.6296973776336117,2.832545095123965
6,21.717376232147217,-0.6296973776336117,2.832545095123965,False,False,0
0,21.762574434280396,-0.0016204668208956718,-0.0014288435922935605,-0.003094265703111887
1,21.762574434280396,-0.9830759763717651,-0.024399999529123306,0.025619998574256897
4,21.762574434280396,-0.6573125425059485,-1.421792472752188,-0.29103520429990304
5,21.762574434280396,-0.6573125425059485,0,-0.6573125425059485,6.376339304473643
6,21.762574434280396,-0.6573125425059485,6.376339304473643,False,False,0
0,21.807542085647583,-0.00037535279989242554,-0.0017017063219100237,0.0005720844492316246
1,21.807542085647583,-0.9813680052757263,-0.020495999604463577,0.03635599836707115
4,21.807542085647583,-0.6693540253312786,-1.1964559358102183,-0.2895612535232091
5,21.807542085647583,-0.6693540253312786,0,-0.6693540253312786,5.014825982598444
6,21.807542085647583,-0.6693540253312786,5.014825982598444,False,False,0
0,21.85369873046875,-0.0012990683317184448,-0.002250632271170616,0.00021738745272159576
1,21.85369873046875,-0.9799039959907532,-0.014883999712765217,0.032207999378442764
4,21.85369873046875,-0.6738149631315888,-0.8702125872322972,-0.28898635480811663
5,21.85369873046875,-0.6738149631315888,0,-0.6738149631315888,4.2843146961222365
6,21.85369873046875,-0.6738149631315888,4.2843146961222365,False,False,0
0,21.902406215667725,-6.466638296842575e-05,-0.000378867844119668,-0.002462269738316536
1,21.902406215667725,-0.9813680052757263,-0.027327999472618103,0.0287919994443655
4,21.902406215667725,-0.7035466958994345,-1.5950942827753751,-0.2958578930406819
5,21.902406215667725,-0.7035466958994345,0,-0.7035466958994345,8.119328320021738
6,21.902406215667725,-0.7035466958994345,8.119328320021738,False,False,0
0,21.947553873062134,0.0017746146768331528,0.0002242647751700133,0.0002972586080431938
1,21.947553873062134,-0.9811239838600159,-0.01634800061583519,0.033427998423576355
4,21.947553873062134,-0.7090734094249773,-0.954603885844975,-0.2950889533246863
5,21.947553873062134,-0.7090734094249773,0,-0.7090734094249773,5.596389383718169
6,21.947553873062134,-0.7090734094249773,5.596389383718169,False,False,0
0,21.99365758895874,-0.0003714887425303459,-0.0021603694185614586,-2.8089620172977448e-05
1,21.99365758895874,-0.9818559885025024,-0.01634800061583519,0.03294000029563904
4,21.99365758895874,-0.7152662275280505,-0.9538923300550574,-0.2951631534142464
5,21.99365758895874,-0.7152662275280505,0,-0.7152662275280505,5.867095758094694
6,21.99365758895874,-0.7152662275280505,5.867095758094694,False,False,0
0,22.038738489151,0.00023139826953411102,-0.002093409188091755,-0.0012031160295009613
1,22.038738489151,-0.9828319549560547,-0.02513200044631958,0.03171999752521515
4,22.038738489151,-0.7370342510148559,-1.4647914333148924,-0.2982707363292561
5,22.038738489151,-0.7370342510148559,0,-0.7370342510148559,7.781619466190185
6,22.038738489151,-0.7370342510148559,7.781619466190185,False,False,0
0,22.100443124771118,0.0008040955290198326,-0.003865805920213461,0.0009138449095189571
1,22.100443124771118,-0.9808799624443054,-0.01903199963271618,0.03367199748754501
4,22.100443124771118,-0.7432475865077389,-1.1115696967970996,-0.295039915148053
5,22.100443124771118,-0.7432475865077389,0,-0.7432475865077389,6.504455716944623
6,22.100443124771118,-0.7432475865077389,6.504455716944623,False,False,0
0,22.17696452140808,-0.0007141083478927612,-0.0034871262032538652,-0.002079230733215809
1,22.17696452140808,-0.981611967086792,-0.019519999623298645,0.03294000029563904
4,22.17696452140808,-0.7620349293146914,-1.1392141145184473,-0.3041559967959349
5,22.17696452140808,-0.7620349293146914,0,-0.7620349293146914,7.897062464774275
6,22.17696452140808,-0.7620349293146914,7.897062464774275,False,False,0
0,22.247333526611328,-0.0007054479792714119,0.00021755369380116463,0.0003520897589623928
1,22.247333526611328,-0.9811239838600159,-0.0226919986307621,0.031231999397277832
4,22.247333526611328,-0.7747233098124781,-1.3249334588156156,-0.30273642475517965
5,22.247333526611328,-0.7747233098124781,0,-0.7747233098124781,7.9559779002139495
6,22.247333526611328,-0.7747233098124781,7.9559779002139495,False,False,0
0,22.3192195892334,-9.142979979515076e-05,-0.003077848581597209,-0.0017314585857093334
1,22.3192195892334,-0.9808799624443054,-0.019276000559329987,0.03537999838590622
4,22.3192195892334,-0.7904538413707226,-1.1258170001138765,-0.3098679009610358
5,22.3192195892334,-0.7904538413707226,0,-0.7904538413707226,8.641185088318602
6,22.3192195892334,-0.7904538413707226,8.641185088318602,False,False,0
0,22.389586210250854,-0.001615113578736782,-0.0014687173534184694,0.001624498050659895
1,22.389586210250854,-0.9823439717292786,-0.022447999566793442,0.029523998498916626
4,22.389586210250854,-0.7970333450774973,-1.309064711564625,-0.30331839527070475
5,22.389586210250854,-0.7970333450774973,0,-0.7970333450774973,8.189205585577838
6,22.389586210250854,-0.7970333450774973,8.189205585577838,False,False,0
0,22.460046768188477,-0.00012539513409137726,7.668579928576946e-05,0.000709830317646265
1,22.460046768188477,-0.9799039959907532,-0.018543999642133713,0.03562399744987488
4,22.460046768188477,-0.801417333340966,-1.0841532535761378,-0.30045274455378446
5,22.460046768188477,-0.801417333340966,0,-0.801417333340966,8.130815278300801
6,22.460046768188477,-0.801417333340966,8.130815278300801,False,False,0
0,22.530551195144653,-0.0010372549295425415,0.07518428564071655,-0.0017061294056475163
1,22.530551195144653,-0.9818559885025024,-0.022935999557375908,0.02903600037097931
4,22.530551195144653,-0.8215561113857965,-1.3381769156059549,-0.30734483531091866
5,22.530551195144653,-0.8215561113857965,0,-0.8215561113857965,9.895595791849106
6,22.530551195144653,-0.8215561113857965,9.895595791849106,False,False,0
0,22.600852012634277,0.00021870341151952744,-0.00352199818007648,0.0022394871339201927
1,22.600852012634277,-0.9803919792175293,-0.017324000597000122,0.03537999838590622
4,22.600852012634277,-0.8175306711587437,-1.0123387868399811,-0.29832431519460334
5,22.600852012634277,-0.8175306711587437,0,-0.8175306711587437,7.982079462699953
6,22.600852012634277,-0.8175306711587437,7.982079462699953,False,False,0
0,22.671388626098633,0.0011173579841852188,-0.0028040080796927214,0.0006885821931064129
1,22.671388626098633,-0.9821000099182129,-0.024156000465154648,0.030743999406695366
4,22.671388626098633,-0.8296035698946861,-1.4089785770502345,-0.29554144451630093
5,22.671388626098633,-0.8296035698946861,0,-0.8296035698946861,9.490547254174416
6,22.671388626098633,-0.8296035698946861,9.490547254174416,False,False,0
0,22.741600036621094,0.001390509307384491,-0.002140231430530548,-0.00019489089027047157
1,22.741600036621094,-0.981611967086792,-0.017324000597000122,0.033427998423576355
4,22.741600036621094,-0.8349049126625246,-1.0110808717592372,-0.29632545499960844
5,22.741600036621094,-0.8349049126625246,0,-0.8349049126625246,9.13490362725195
6,22.741600036621094,-0.8349049126625246,9.13490362725195,False,False,0
0,22.812124252319336,0.0004735467955470085,-0.001773643190972507,-0.0010791993699967861
1,22.812124252319336,-0.9821000099182129,-0.022447999566793442,0.03269600123167038
4,22.812124252319336,-0.8510187792384485,-1.3093897809315533,-0.30068621896801684
5,22.812124252319336,-0.8510187792384485,0,-0.8510187792384485,10.343851830448205
6,22.812124252319336,-0.8510187792384485,10.343851830448205,False,False,0
0,22.886311292648315,-0.0019244439899921417,-0.002905628876760602,0.00015796907246112823
1,22.886311292648315,-0.9801479578018188,-0.02000799961388111,0.031964000314474106
4,22.886311292648315,-0.8583243904070403,-1.1694303227436367,-0.3000147549484908
5,22.886311292648315,-0.8583243904070403,0,-0.8583243904070403,9.972313906193795
6,22.886311292648315,-0.8583243904070403,9.972313906193795,False,False,0
0,22.956854581832886,0.0013824272900819778,-0.0010170798050239682,-0.001038399524986744
1,22.956854581832886,-0.9808799624443054,-0.019276000559329987,0.030988000333309174
4,22.956854581832886,-0.869103816920358,-1.1258170001138765,-0.30421179214915406
5,22.956854581832886,-0.869103816920358,0,-0.869103816920358,10.534312735689193
6,22.956854581832886,-0.869103816920358,10.534312735689193,False,False,0
0,23.027493476867676,-0.0016262680292129517,-0.002179329749196768,0.0001721736043691635
1,23.027493476867676,-0.9801479578018188,-0.02122800052165985,0.030499998480081558
4,23.027493476867676,-0.8777146888270856,-1.2407154549931743,-0.303514952102905
5,23.027493476867676,-0.8777146888270856,0,-0.8777146888270856,10.620406869028141
6,23.027493476867676,-0.8777146888270856,10.620406869028141,False,False,0
0,23.097811698913574,-0.0024881018325686455,-0.0018114382401108742,-0.00040892837569117546
1,23.097811698913574,-0.9821000099182129,-0.02000799961388111,0.03294000029563904
4,23.097811698913574,-0.8865558440087735,-1.1671065707113215,-0.30516249890760466
5,23.097811698913574,-0.8865558440087735,0,-0.8865558440087735,10.885479154105186
6,23.097811698913574,-0.8865558440087735,10.885479154105186,False,False,0
0,23.168182611465454,-0.00036868825554847717,-0.002326424466446042,-0.0013113375753164291
1,23.168182611465454,-0.9818559885025024,-0.020983999595046043,0.031231999397277832
4,23.168182611465454,-0.9001551671783882,-1.224325795189041,-0.31044975469233077
5,23.168182611465454,-0.9001551671783882,0,-0.9001551671783882,11.63733949784309
6,23.168182611465454,-0.9001551671783882,11.63733949784309,False,False,0
0,23.238436460494995,-0.0012976741418242455,-0.002294305944815278,0.0002237730659544468
1,23.238436460494995,-0.9813680052757263,-0.019763998687267303,0.03440399840474129
4,23.238436460494995,-0.9056164911391217,-1.1537370760796606,-0.3095490123725377
5,23.238436460494995,-0.9056164911391217,0,-0.9056164911391217,11.185733273790888
6,23.238436460494995,-0.9056164911391217,11.185733273790888,False,False,0
0,23.30872130393982,0.0008476730436086655,-0.00223802262917161,-0.0009949770756065845
1,23.30872130393982,-0.981611967086792,-0.023180000483989716,0.031231999397277832
4,23.30872130393982,-0.9207012990967345,-1.3527437088328909,-0.31355580982409526
5,23.30872130393982,-0.9207012990967345,0,-0.9207012990967345,12.331217060291065
6,23.30872130393982,-0.9207012990967345,12.331217060291065,True,False,12.331217060291065
0,23.380831956863403,-0.002168431878089905,-0.0018782690167427063,0.0062352754175662994
1,23.380831956863403,-0.9821000099182129,-0.02147199958562851,0.03171999752521515
4,23.380831956863403,-0.9038778834354042,-1.2524783367963925,-0.2877939209996627
5,23.380831956863403,-0.9038778834354042,0,-0.9038778834354042,9.49167089635629
6,23.380831956863403,-0.9038778834354042,9.49167089635629,False,False,0
0,23.45498013496399,0.0011364771053195,-0.003953089006245136,0.0006472957320511341
1,23.45498013496399,-0.982587993144989,-0.014883999712765217,0.031964000314474106
4,23.45498013496399,-0.9002956263923383,-0.867835914178297,-0.2850439642697773
5,23.45498013496399,-0.9002956263923383,0,-0.9002956263923383,10.099445868104207
6,23.45498013496399,-0.9002956263923383,10.099445868104207,False,False,0
0,23.50557565689087,0.0005282815545797348,-0.003531123511493206,-0.004093268420547247
1,23.50557565689087,-0.9818559885025024,-0.03635599836707115,0.033427998423576355
4,23.50557565689087,-0.9423718439507566,-2.1205696961706306,-0.29690998048922446
5,23.50557565689087,-0.9423718439507566,0,-0.9423718439507566,16.53414307869403
6,23.50557565689087,-0.9423718439507566,16.53414307869403,True,False,16.53414307869403
0,23.550911903381348,0.0011819303035736084,-0.0010514096356928349,-0.004057777114212513
1,23.550911903381348,-0.9801479578018188,-0.019763998687267303,0.029279999434947968
4,23.550911903381348,-0.9579687413151168,-1.1551728111736117,-0.30745036324182834
5,23.550911903381348,-0.9579687413151168,0,-0.9579687413151168,14.178516106953506
6,23.550911903381348,-0.9579687413151168,14.178516106953506,True,False,14.178516106953506
0,23.593614101409912,-0.0015046410262584686,-0.00012556120054796338,0.012482898309826851
1,23.593614101409912,-0.9818559885025024,-0.029523998498916626,0.03415999934077263
4,23.593614101409912,-0.9473002301821358,-1.7223411249658258,-0.27690900865285534
5,23.593614101409912,-0.9473002301821358,0,-0.9473002301821358,10.763125373165437
6,23.593614101409912,-0.9473002301821358,10.763125373165437,False,False,0
0,23.63856267929077,0.002368648536503315,-0.0018878425471484661,0.015095059759914875
1,23.63856267929077,-0.9864919781684875,-0.029279999434947968,0.03635599836707115
4,23.63856267929077,-0.9282166582768681,-1.700092906613941,-0.23803373807227812
5,23.63856267929077,-0.9282166582768681,0,-0.9282166582768681,9.11604595589112
6,23.63856267929077,-0.9282166582768681,9.11604595589112,False,False,0
0,23.683616161346436,0.0014089904725551605,-8.368771523237228e-05,-0.08007048815488815
1,23.683616161346436,-0.9840520024299622,-0.027084000408649445,0.0302559994161129
4,23.683616161346436,-1.1459496022897575,-1.576550075067988,-0.4447256443216232
5,23.683616161346436,-1.1459496022897575,0,-1.1459496022897575,40.540938557843006
6,23.683616161346436,-1.1459496022897575,40.540938557843006,True,False,40.540938557843006
0,23.7336905002594,-0.0012599136680364609,-0.0009817963000386953,-0.002758357208222151
1,23.7336905002594,-0.9823439717292786,-0.021715998649597168,0.033427998423576355
4,23.7336905002594,-1.1566766732369707,-1.2663918998528094,-0.4526395043299686
5,23.7336905002594,-1.1566766732369707,0,-1.1566766732369707,20.315183446933506
6,23.7336905002594,-1.1566766732369707,20.315183446933506,True,False,20.315183446933506
0,23.778666973114014,0.002935800701379776,0.003575605805963278,0.055886898189783096
1,23.778666973114014,-1.172663927078247,-0.19178399443626404,0.03660000115633011
4,23.778666973114014,-1.2195478571350018,-9.288242290373262,-0.3086210873757367
5,23.778666973114014,-1.2195478571350018,0,-1.2195478571350018,28.28233393232461
6,23.778666973114014,-1.2195478571350018,28.28233393232461,True,False,28.28233393232461
0,23.82357668876648,0.009655318222939968,-0.03338174149394035,0.21990421414375305
1,23.82357668876648,-1.0255320072174072,-0.003415999934077263,0.029767999425530434
4,23.82357668876648,-0.6421327694810107,-0.1908488996967202,0.25722261900173415
5,23.82357668876648,-0.6421327694810107,0,-0.6421327694810107,-58.44573466565711
6,23.82357668876648,-0.6421327694810107,-58.44573466565711,False,True,58.44573466565711
0,23.872143030166626,-0.064259372651577,-0.014750352129340172,0.19577503204345703
1,23.872143030166626,-0.9713639616966248,0.0014639999717473984,0.04196799919009209
4,23.872143030166626,-0.09276723683348397,0.08635378641108875,0.8019953048994001
5,23.872143030166626,-0.09276723683348397,0,-0.09276723683348397,-79.20392910793062
6,23.872143030166626,-0.09276723683348397,-79.20392910793062,False,True,79.20392910793062
0,23.91710591316223,-0.011724964715540409,-0.007419968489557505,0.013431763276457787
1,23.91710591316223,-1.0040600299835205,0.10809199512004852,0.028303999453783035
4,23.91710591316223,0.0969022542765105,6.144507653811433,0.8365979908931145
5,23.91710591316223,0.0969022542765105,0,0.0969022542765105,-45.2599339877883
6,23.91710591316223,0.0969022542765105,-45.2599339877883,False,True,45.2599339877883
0,23.96359348297119,-0.01062700990587473,-0.00819616112858057,-0.1405472308397293
1,23.96359348297119,-0.9564799666404724,-0.08417999744415283,0.049531999975442886
4,23.96359348297119,-0.39625620046340093,-5.029653761931666,0.4622446018318765
5,23.96359348297119,-0.39625620046340093,0,-0.39625620046340093,43.11030957370154
6,23.96359348297119,-0.39625620046340093,43.11030957370154,True,False,43.11030957370154
0,24.01221752166748,-0.016124796122312546,-0.007279863115400076,-0.29082006216049194
1,24.01221752166748,-1.0182119607925415,-0.03855200111865997,0.010735999792814255
4,24.01221752166748,-1.2305133909909685,-2.1683229323191995,-0.3479661902000955
5,24.01221752166748,-1.2305133909909685,0,-1.2305133909909685,114.13146002989222
6,24.01221752166748,-1.2305133909909685,114.13146002989222,True,False,100
0,24.05720543861389,0.0076989480294287205,0.0018831153865903616,-0.14818304777145386
1,24.05720543861389,-0.9440360069274902,-0.027084000408649445,0.03001200035214424
4,24.05720543861389,-1.613244364694385,-1.6433413096764418,-0.7299254473655108
5,24.05720543861389,-1.613244364694385,0,-1.613244364694385,77.38712877676583
6,24.05720543861389,-1.613244364694385,77.38712877676583,True,False,77.38712877676583
0,24.10231614112854,0.008615246042609215,0.007075469940900803,0.22505562007427216
1,24.10231614112854,-0.9608719944953918,0.010491999797523022,0.046115998178720474
4,24.10231614112854,-0.9901248193399693,0.625601974673872,-0.14823479416529628
5,24.10231614112854,-0.9901248193399693,0,-0.9901248193399693,-56.11496202462557
6,24.10231614112854,-0.9901248193399693,-56.11496202462557,False,True,56.11496202462557
0,24.147281408309937,0.020832549780607224,0.009824363514780998,0.3542536199092865
1,24.147281408309937,-1.051151990890503,0.011223999783396721,0.03806399926543236
4,24.147281408309937,-0.060223515202018935,0.611770118316593,0.7644359039849974
5,24.147281408309937,-0.060223515202018935,0,-0.060223515202018935,-108.65479487473222
6,24.147281408309937,-0.060223515202018935,-108.65479487473222,False,True,100
0,24.20332908630371,0.0031174588948488235,-0.06806095689535141,-0.13810376822948456
1,24.20332908630371,-0.9435479640960693,0.025863999500870705,0.047091998159885406
4,24.20332908630371,-0.45186847081228837,1.5701660932401833,0.3209439082708184
5,24.20332908630371,-0.45186847081228837,0,-0.45186847081228837,20.464574495222735
6,24.20332908630371,-0.45186847081228837,20.464574495222735,True,False,20.464574495222735
0,24.27761936187744,-0.015819363296031952,-0.009723324328660965,-0.35526636242866516
1,24.27761936187744,-0.9896639585494995,0.029523998498916626,0.015615999698638916
4,24.27761936187744,-1.8722458972102862,1.7087607743666309,-1.1912542020137669
5,24.27761936187744,-1.8722458972102862,0,-1.8722458972102862,144.308599286015
6,24.27761936187744,-1.8722458972102862,144.308599286015,True,False,100
0,24.348212242126465,0.00036856532096862793,-0.0036146717611700296,0.023164663463830948
1,24.348212242126465,-0.839847981929779,0.018543999642133713,0.04513999819755554
4,24.348212242126465,-1.7024661748856118,1.264895934475166,-1.0975606876214201
5,24.348212242126465,-1.7024661748856118,0,-1.7024661748856118,25.595997363733233
6,24.348212242126465,-1.7024661748856118,25.595997363733233,True,False,25.595997363733233
0,24.419852018356323,0.009226110763847828,0.01990363933146,0.3182125687599182
1,24.419852018356323,-0.9115839600563049,0.03562399744987488,0.0331839993596077
4,24.419852018356323,-0.3304565624925363,2.2379360484862976,0.20859270397732632
5,24.419852018356323,-0.3304565624925363,0,-0.3304565624925363,-101.95634803077775
6,24.419852018356323,-0.3304565624925363,-101.95634803077775,False,True,100
0,24.48989486694336,-0.011237873695790768,-0.0020875087939202785,0.2748411297798157
1,24.48989486694336,-1.0006439685821533,0.044652000069618225,0.052216000854969025
4,24.48989486694336,0.8170873822809311,2.5550297112089866,1.3115740249321257
5,24.48989486694336,0.8170873822809311,0,0.8170873822809311,-181.22752892036868
6,24.48989486694336,0.8170873822809311,-181.22752892036868,False,True,100
0,24.533722400665283,-0.006244213320314884,-0.014064396731555462,0.04469718784093857
1,24.533722400665283,-0.9450119733810425,0.019763998687267303,0.018055999651551247
4,24.533722400665283,0.9360475132952002,1.1981103781959825,1.423814595307913
5,24.533722400665283,0.9360475132952002,0,0.9360475132952002,-66.85203264683972
6,24.533722400665283,0.9360475132952002,-66.85203264683972,False,True,66.85203264683972
0,24.5826256275177,-0.001968156546354294,-0.018340453505516052,-0.28822436928749084
1,24.5826256275177,-0.9352520108222961,-0.16323599219322205,0.035868000239133835
4,24.5826256275177,-0.12226623322902888,-9.900498583189762,0.6162247551929336
5,24.5826256275177,-0.12226623322902888,0,-0.12226623322902888,98.98186044059238
6,24.5826256275177,-0.12226623322902888,98.98186044059238,True,False,98.98186044059238
0,24.62765145301819,0.0032241977751255035,0.008232184685766697,-0.45437970757484436
1,24.62765145301819,-0.9376919865608215,0.1542080044746399,0.04318799823522568
4,24.62765145301819,-1.0286341948871884,9.338976035827825,-0.5559793662271493
5,24.62765145301819,-1.0286341948871884,0,-1.0286341948871884,112.71613528099283
6,24.62765145301819,-1.0286341948871884,112.71613528099283,True,False,100
0,24.67367196083069,-0.007160511799156666,0.006399589125066996,-0.022803420200943947
1,24.67367196083069,-1.0257760286331177,-0.0907679945230484,0.014639999717473984
4,24.67367196083069,-1.187962006566671,-5.0567693991177025,-0.6161069883540413
5,24.67367196083069,-1.187962006566671,0,-1.187962006566671,35.99139892171897
6,24.67367196083069,-1.187962006566671,35.99139892171897,True,False,35.99139892171897
0,24.722379684448242,0.01024914812296629,0.009148482233285904,0.18214187026023865
1,24.722379684448242,-0.9406200051307678,0.1361519992351532,0.04025999829173088
4,24.722379684448242,-0.45675402955876643,8.236193881525345,-0.10779511163034483
5,24.722379684448242,-0.45675402955876643,0,-0.45675402955876643,-87.01049328197851
6,24.722379684448242,-0.45675402955876643,-87.01049328197851,False,True,87.01049328197851
0,24.767311334609985,-0.01876695081591606,-0.013148099184036255,0.4173249900341034
1,24.767311334609985,-0.954039990901947,-0.1012599989771843,0.07124799489974976
4,24.767311334609985,0.45070019158050856,-6.0585829607409,0.9665638057222996
5,24.767311334609985,0.45070019158050856,0,0.45070019158050856,-135.8618955359155
6,24.767311334609985,0.45070019158050856,-135.8618955359155,False,True,100
0,24.813653469085693,0.004445928148925304,0.010064780712127686,0.0685209333896637
1,24.813653469085693,-1.083359956741333,0.05172799900174141,0.0007319999858736992
4,24.813653469085693,0.6851633394775055,2.733668296191288,1.1485011854984304
5,24.813653469085693,0.6851633394775055,0,0.6851633394775055,-71.92682062017698
6,24.813653469085693,0.6851633394775055,-71.92682062017698,False,True,71.92682062017698
0,24.8587064743042,-0.01571262627840042,-0.02353280782699585,-0.18162839114665985
1,24.8587064743042,-1.0062559843063354,-0.0287919994443655,0.034648001194000244
4,24.8587064743042,0.1699355717287928,-1.6389567907537756,0.6796552731979887
5,24.8587064743042,0.1699355717287928,0,0.1699355717287928,29.601152537510718
6,24.8587064743042,0.1699355717287928,29.601152537510718,True,False,29.601152537510718
0,24.903613805770874,-0.019988682121038437,-0.011926368810236454,-0.42017126083374023
1,24.903613805770874,-0.95306396484375,0.025619998574256897,0.04172400012612343
4,24.903613805770874,-0.849890229172154,1.5398382597470677,-0.40144561716242533
5,24.903613805770874,-0.849890229172154,0,-0.849890229172154,109.55415821268097
6,24.903613805770874,-0.849890229172154,109.55415821268097,True,False,100
0,24.9536554813385,-0.0025790221989154816,-0.007039446383714676,-0.16971652209758759
1,24.9536554813385,-0.9428159594535828,-0.010979999788105488,0.017324000597000122
4,24.9536554813385,-1.3197659270427937,-0.6672343645511064,-0.888052893558493
5,24.9536554813385,-1.3197659270427937,0,-1.3197659270427937,76.25966360011363
6,24.9536554813385,-1.3197659270427937,76.25966360011363,True,False,76.25966360011363
0,24.99867272377014,-0.000746426172554493,0.014646269381046295,0.1134195327758789
1,24.99867272377014,-0.9957639575004578,-0.07149200141429901,0.023667998611927032
4,24.99867272377014,-1.1042068007823351,-4.106569049747919,-0.5955101198886606
5,24.99867272377014,-1.1042068007823351,0,-1.1042068007823351,-7.485491000661767
6,24.99867272377014,-1.1042068007823351,-7.485491000661767,False,False,0
0,25.043668508529663,0.02765880897641182,0.006705021485686302,0.3208082914352417
1,25.043668508529663,-0.9677039980888367,0.07075999677181244,0.05563199892640114
4,25.043668508529663,-0.16565970255060536,4.182112068437193,0.2315556508818435
5,25.043668508529663,-0.16565970255060536,0,-0.16565970255060536,-120.2202492324444
6,25.043668508529663,-0.16565970255060536,-120.2202492324444,False,True,100
0,25.088666915893555,0.004751360509544611,-0.006123148836195469,0.23437084257602692
1,25.088666915893555,-0.9574559926986694,-0.07807999849319458,0.03415999934077263
4,25.088666915893555,0.3110815745058199,-4.662122052457883,0.8358149696552868
5,25.088666915893555,0.3110815745058199,0,0.3110815745058199,-86.03021817669644
6,25.088666915893555,0.3110815745058199,-86.03021817669644,False,True,86.03021817669644
0,25.133663415908813,-0.0058389687910676,-0.012626823037862778,0.010913053527474403
1,25.133663415908813,-0.9669719934463501,0.06026799976825714,0.0026839999482035637
4,25.133663415908813,0.41989703891702773,3.566433300385838,0.8639500171057559
5,25.133663415908813,0.41989703891702773,0,0.41989703891702773,-47.94004150369776
6,25.133663415908813,0.41989703891702773,-47.94004150369776,False,True,47.94004150369776
0,25.182350158691406,-0.0018683448433876038,-0.023927830159664154,-0.3855384886264801
1,25.182350158691406,-0.9659959673881531,-0.007563999854028225,0.044652000069618225
4,25.182350158691406,-0.6504061734448259,-0.4486316976982741,-0.21152689976241956
5,25.182350158691406,-0.6504061734448259,0,-0.6504061734448259,78.62901595412669
6,25.182350158691406,-0.6504061734448259,78.62901595412669,True,False,78.62901595412669
0,25.25468420982361,-0.0033955080434679985,-0.0721861869096756,-0.2242700755596161
1,25.25468420982361,-0.9594079852104187,-0.0302559994161129,0.0331839993596077
4,25.25468420982361,-1.5855393252636314,-1.8062875822633537,-1.1409998398632835
5,25.25468420982361,-1.5855393252636314,0,-1.5855393252636314,99.6567696912459
6,25.25468420982361,-1.5855393252636314,99.6567696912459,True,False,99.6567696912459
0,25.325129985809326,0.007600066252052784,0.006615432444959879,0.175846666097641
1,25.325129985809326,-1.0011320114135742,0.14615599811077118,0.02513200044631958
4,25.325129985809326,-0.6462351244586307,8.305975414143877,-0.4312394990224496
5,25.325129985809326,-0.6462351244586307,0,-0.6462351244586307,-66.05401192938197
6,25.325129985809326,-0.6462351244586307,-66.05401192938197,False,True,66.05401192938197
0,25.39594864845276,-0.010420459322631359,-0.024538695812225342,0.32031628489494324
1,25.39594864845276,-1.118008017539978,-0.04904399812221527,0.047091998159885406
4,25.39594864845276,0.5743514742456002,-2.511801044827178,0.8684792155554423
5,25.39594864845276,0.5743514742456002,0,0.5743514742456002,-128.82370742357432
6,25.39594864845276,0.5743514742456002,-128.82370742357432,False,True,100
0,25.467912197113037,-0.011336755938827991,0.0032556732185184956,-0.11553604900836945
1,25.467912197113037,-0.9303719997406006,0.016835998743772507,0.030499998480081558
4,25.467912197113037,0.12144080990008435,1.0367104755736969,0.3921000982439364
5,25.467912197113037,0.12144080990008435,0,0.12144080990008435,4.955307011660558
6,25.467912197113037,0.12144080990008435,4.955307011660558,False,False,0
0,25.53835439682007,-0.01927800476551056,-0.02514955960214138,-0.3210922181606293
1,25.53835439682007,-1.071403980255127,-0.05782799795269966,0.03537999838590622
4,25.53835439682007,-1.2223751219298278,-3.089486749912822,-0.9038411764582066
5,25.53835439682007,-1.2223751219298278,0,-1.2223751219298278,115.60767412559427
6,25.53835439682007,-1.2223751219298278,115.60767412559427,True,False,100
0,25.605303525924683,-0.0018683448433876038,-0.013848553411662579,-0.3036825656890869
1,25.605303525924683,-0.9791719913482666,0.009759999811649323,0.043431997299194336
4,25.605303525924683,-2.3133129808640684,0.5710827961256306,-2.0687379014691065
5,25.605303525924683,-2.3133129808640684,0,-2.3133129808640684,171.55113629526025
6,25.605303525924683,-2.3133129808640684,171.55113629526025,True,False,100
0,25.653907537460327,-0.06570376455783844,-0.0001040855422616005,-0.01779761351644993
1,25.653907537460327,-0.9823439717292786,-0.115167997777462,0.0017079999670386314
4,25.653907537460327,-2.470971856530408,-6.6867157548003355,-2.1183007797439095
5,25.653907537460327,-2.470971856530408,0,-2.470971856530408,81.33723211762887
6,25.653907537460327,-2.470971856530408,81.33723211762887,True,False,81.33723211762887
0,25.69893789291382,0.014930449426174164,0.007531729992479086,0.22013439238071442
1,25.69893789291382,-1.0848239660263062,0.1500599980354309,0.04758000001311302
4,25.69893789291382,-1.6585500973758704,7.875552546018024,-1.5503431909328051
5,25.69893789291382,-1.6585500973758704,0,-1.6585500973758704,-55.72081107908642
6,25.69893789291382,-1.6585500973758704,-55.72081107908642,False,True,55.72081107908642
0,25.7435622215271,-0.02477579191327095,-0.024538695812225342,0.3865951597690582
1,25.7435622215271,-0.966484010219574,-0.07320000231266022,0.011467999778687954
4,25.7435622215271,-0.7616370080912905,-4.33122449393485,-0.5619022173958262
5,25.7435622215271,-0.7616370080912905,0,-0.7616370080912905,-85.47897626589499
6,25.7435622215271,-0.7616370080912905,-85.47897626589499,False,True,85.47897626589499
0,25.793688535690308,-0.00034118257462978363,0.01577841117978096,0.0793299600481987
1,25.793688535690308,-0.9869799613952637,0.12248799949884415,-0.004635999910533428
4,25.793688535690308,-0.34359294065524154,7.0744543284833945,-0.3340644901941012
5,25.793688535690308,-0.34359294065524154,0,-0.34359294065524154,-57.00960115374012
6,25.793688535690308,-0.34359294065524154,-57.00960115374012,False,True,57.00960115374012
0,25.838666677474976,-0.010725892148911953,-0.010488794185221195,-0.11248172074556351
1,25.838666677474976,-0.9928359985351562,-0.0773480013012886,0.06002400070428848
4,25.838666677474976,-0.728995555939983,-4.45469407801506,-0.6239363741435844
5,25.838666677474976,-0.728995555939983,0,-0.728995555939983,45.820519844924064
6,25.838666677474976,-0.728995555939983,45.820519844924064,True,False,45.820519844924064
0,25.88355803489685,-0.025081224739551544,-0.0013258160324767232,-0.27283385396003723
1,25.88355803489685,-1.009671926498413,0.025619998574256897,0.0287919994443655
4,25.88355803489685,-1.3586402108047257,1.4535442885591894,-1.3256883238638122
5,25.88355803489685,-1.3586402108047257,0,-1.3586402108047257,87.74921933711894
6,25.88355803489685,-1.3586402108047257,87.74921933711894,True,False,87.74921933711894
0,25.933593273162842,-0.0033955080434679985,-0.0007149508455768228,-0.12561532855033875
1,25.933593273162842,-0.9789279699325562,-0.04050400108098984,0.009759999811649323
4,25.933593273162842,-1.7350191450250072,-2.3693115560700915,-1.6858033501085787
5,25.933593273162842,-1.7350191450250072,0,-1.7350191450250072,79.62765628022967
6,25.933593273162842,-1.7350191450250072,79.62765628022967,True,False,79.62765628022967
0,25.97857356071472,0.0051366728730499744,0.008295777253806591,0.10552668571472168
1,25.97857356071472,-0.9635559916496277,0.04391999915242195,0.044652000069618225
4,25.97857356071472,-1.3612363274026746,2.6098016424018335,-1.41384201889149
5,25.97857356071472,-1.3612363274026746,0,-1.3612363274026746,-16.811499615973258
6,25.97857356071472,-1.3612363274026746,-16.811499615973258,False,True,16.811499615973258
0,26.023655652999878,0.01613224670290947,0.005546884145587683,0.32330015301704407
1,26.023655652999878,-0.9132919907569885,0.013663999736309052,0.054655998945236206
4,26.023655652999878,-0.4915651093863592,0.8571531537603814,-0.5787533204430397
5,26.023655652999878,-0.4915651093863592,0,-0.4915651093863592,-95.05028890590906
6,26.023655652999878,-0.4915651093863592,-95.05028890590906,False,True,95.05028890590906
0,26.072320222854614,0.006358403246849775,-0.0060595558024942875,0.2307540625333786
1,26.072320222854614,-0.9813680052757263,0.02391199953854084,0.012931999750435352
4,26.072320222854614,0.1829393370922134,1.3957920042760832,0.06465233969748496
5,26.072320222854614,0.1829393370922134,0,0.1829393370922134,-104.24017613531467
6,26.072320222854614,0.1829393370922134,-104.24017613531467,False,True,100
0,26.117249727249146,-0.007862528786063194,-0.0011529255425557494,-0.08933932334184647
1,26.117249727249146,-1.017967939376831,0.05782799795269966,0.04904399812221527
4,26.117249727249146,0.035414903155815476,3.2513234412692222,-0.16533128752387213
5,26.117249727249146,0.035414903155815476,0,0.035414903155815476,-7.756455449561585
6,26.117249727249146,0.035414903155815476,-7.756455449561585,False,False,0
0,26.162351608276367,-0.01213858462870121,-0.019784314557909966,-0.21242867410182953
1,26.162351608276367,-0.9342759847640991,-0.10247999429702759,0.03635599836707115
4,26.162351608276367,-0.6571864016765421,-6.259703804873705,-0.7142782999665589
5,26.162351608276367,-0.6571864016765421,0,-0.6571864016765421,76.9059644298244
6,26.162351608276367,-0.6571864016765421,76.9059644298244,True,False,76.9059644298244
0,26.207301378250122,0.013517756015062332,0.02083822339773178,-0.2704608738422394
1,26.207301378250122,-1.009671926498413,-0.0007319999858736992,0.01268799975514412
4,26.207301378250122,-1.3209349886105233,-0.04153874277912234,-1.4108319188449352
5,26.207301378250122,-1.3209349886105233,0,-1.3209349886105233,94.92639141957112
6,26.207301378250122,-1.3209349886105233,94.92639141957112,True,False,94.92639141957112
0,26.253645181655884,0.004049344453960657,-0.01245393231511116,-0.059101492166519165
1,26.253645181655884,-0.9598959684371948,-0.0936959981918335,0.03245199844241142
4,26.253645181655884,-1.58029607337661,-5.575012877897694,-1.5677643675976607
5,26.253645181655884,-1.58029607337661,0,-1.58029607337661,58.85873818427901
6,26.253645181655884,-1.58029607337661,58.85873818427901,True,False,58.85873818427901
0,26.306151866912842,0.01137972716242075,0.010148081928491592,0.3770563006401062
1,26.306151866912842,-0.9835639595985413,-0.09393999725580215,0.04684799909591675
4,26.306151866912842,-0.571200668723985,-5.455759249052753,-0.433423871141734
5,26.306151866912842,-0.571200668723985,0,-0.571200668723985,-71.05168608774335
6,26.306151866912842,-0.571200668723985,-71.05168608774335,False,True,71.05168608774335
0,26.38038921356201,0.010157996788620949,0.0006796701927669346,0.2805395722389221
1,26.38038921356201,-0.9352520108222961,0.024887999519705772,0.017079999670386314
4,26.38038921356201,0.644627357489487,1.524338744532909,0.7598474528398553
5,26.38038921356201,0.644627357489487,0,0.644627357489487,-132.1231017137548
6,26.38038921356201,0.644627357489487,-132.1231017137548,False,True,100
0,26.450800895690918,0.009547131136059761,-0.005734414793550968,-0.17944194376468658
1,26.450800895690918,-0.924515962600708,-0.130295991897583,0.06661199778318405
4,26.450800895690918,-0.27786415577652657,-8.022104943129266,0.03592621617263003
5,26.450800895690918,-0.27786415577652657,0,-0.27786415577652657,51.96500056077555
6,26.450800895690918,-0.27786415577652657,51.96500056077555,True,False,51.96500056077555
0,26.522703409194946,-0.020079832524061203,-0.07537305355072021,-0.17608219385147095
1,26.522703409194946,-0.9620919823646545,-0.06929600238800049,0.010003999806940556
4,26.522703409194946,-1.0811823672450758,-4.119693349320543,-0.6894814572939839
5,26.522703409194946,-1.0811823672450758,0,-1.0811823672450758,67.85484175761277
6,26.522703409194946,-1.0811823672450758,67.85484175761277,True,False,67.85484175761277
0,26.596956253051758,0.007103670388460159,0.005261159501969814,0.1046103909611702
1,26.596956253051758,-0.985759973526001,0.012443999759852886,0.058559998869895935
4,26.596956253051758,-0.6021460683452359,0.7232498939490866,-0.24442967024784468
5,26.596956253051758,-0.6021460683452359,0,-0.6021460683452359,-49.52526896490171
6,26.596956253051758,-0.6021460683452359,-49.52526896490171,False,True,49.52526896490171
0,26.643917322158813,0.01028757356107235,0.007274831645190716,0.15750671923160553
1,26.643917322158813,-0.9279319643974304,-0.049531999975442886,0.03147599846124649
4,26.643917322158813,-0.25027578070690476,-3.055486647019298,0.17936910114208626
5,26.643917322158813,-0.25027578070690476,0,-0.25027578070690476,-50.09652649481765
6,26.643917322158813,-0.25027578070690476,-50.09652649481765,False,True,50.09652649481765
0,26.693076848983765,0.019755985587835312,-0.006164203863590956,-0.056296125054359436
1,26.693076848983765,-1.0035719871520996,0.03903999924659729,0.024887999519705772
4,26.693076848983765,-0.34292673366554194,2.2277424213778327,0.020803554464388113
5,26.693076848983765,-0.34292673366554194,0,-0.34292673366554194,-1.0098647735707864
6,26.693076848983765,-0.34292673366554194,-1.0098647735707864,False,False,0
0,26.738234281539917,-0.012708074413239956,-0.007862399332225323,-0.0760706216096878
1,26.738234281539917,-0.9974719882011414,-0.11467999964952469,0.05270399898290634
4,26.738234281539917,-0.6902163071909603,-6.558536532317638,-0.1760162696988078
5,26.738234281539917,-0.6902163071909603,0,-0.6902163071909603,39.41971342989777
6,26.738234281539917,-0.6902163071909603,39.41971342989777,True,False,39.41971342989777
0,26.78357481956482,-0.009491500444710255,-0.0020245714113116264,-0.07509242743253708
1,26.78357481956482,-1.0025960206985474,0.01439599972218275,0.0029279999434947968
4,26.78357481956482,-0.8425947576403411,0.8226377624225002,-0.3710929898933897
5,26.78357481956482,-0.8425947576403411,0,-0.8425947576403411,21.650767777136963
6,26.78357481956482,-0.8425947576403411,21.650767777136963,True,False,21.650767777136963
0,26.83274221420288,-0.0015241969376802444,-0.0010896471794694662,-0.0029597345273941755
1,26.83274221420288,-1.0094280242919922,-0.024156000465154648,0.05148399993777275
4,26.83274221420288,-0.8639304740398086,-1.3708483797809246,-0.37943081127385425
5,26.83274221420288,-0.8639304740398086,0,-0.8639304740398086,9.249368587367002
6,26.83274221420288,-0.8639304740398086,9.249368587367002,False,False,0
0,26.877824306488037,0.00458445493131876,-0.0004787819925695658,0.06667890399694443
1,26.877824306488037,-0.9777079820632935,-0.010491999797523022,0.03903999924659729
4,26.877824306488037,-0.689776258830307,-0.614830034952677,-0.20719829411249696
5,26.877824306488037,-0.689776258830307,0,-0.689776258830307,-18.5297911441245
6,26.877824306488037,-0.689776258830307,-18.5297911441245,False,True,18.5297911441245
0,26.923128604888916,0.004207105841487646,0.008538244292140007,0.03192472457885742
1,26.923128604888916,-0.9828319549560547,0.009759999811649323,0.00951599981635809
4,26.923128604888916,-0.5775112093069861,0.5689562834670043,-0.1243298469679963
5,26.923128604888916,-0.5775112093069861,0,-0.5775112093069861,-14.711813091327997
6,26.923128604888916,-0.5775112093069861,-14.711813091327997,False,True,14.711813091327997
0,26.971826314926147,0.08636907488107681,-0.004813149105757475,-0.00852903351187706
1,26.971826314926147,-0.9821000099182129,-0.043431997299194336,0.06392800062894821
4,26.971826314926147,-0.6495803659123778,-2.5321757061913526,-0.1481273281816194
5,26.971826314926147,-0.6495803659123778,0,-0.6495803659123778,7.870609566197567
6,26.971826314926147,-0.6495803659123778,7.870609566197567,False,False,0
0,27.01381278038025,-0.003670799545943737,-0.0011286642402410507,-0.015893172472715378
1,27.01381278038025,-0.9794159531593323,-0.010247999802231789,0.01195599976927042
4,27.01381278038025,-0.6856055282427495,-0.5994855490133822,-0.18636069510761588
5,27.01381278038025,-0.6856055282427495,0,-0.6856055282427495,4.499745462341454
6,27.01381278038025,-0.6856055282427495,4.499745462341454,False,False,0
0,27.0591242313385,0.0026971795596182346,0.0015929986257106066,-0.0033137882128357887
1,27.0591242313385,-0.9864919781684875,0.0026839999482035637,0.023423999547958374
4,27.0591242313385,-0.672956239423439,0.1558872177311443,-0.19496380262560242
5,27.0591242313385,-0.672956239423439,0,-0.672956239423439,-1.3647683277656595
6,27.0591242313385,-0.672956239423439,-1.3647683277656595,False,False,0
0,27.103567123413086,-3.9896927773952484e-05,-0.004690676927566528,0.0052580381743609905
1,27.103567123413086,-0.9759999513626099,-0.018055999651551247,0.0558759979903698
4,27.103567123413086,-0.6695743185882645,-1.0598510530432899,-0.18157478603517102
5,27.103567123413086,-0.6695743185882645,0,-0.6695743185882645,-0.4627716852758883
6,27.103567123413086,-0.6695743185882645,-0.4627716852758883,False,False,0
0,27.148666381835938,-0.0006038360297679901,0.0023473163601011038,-0.0005471990443766117
1,27.148666381835938,-0.9874680042266846,0.0017079999670386314,0.0007319999858736992
4,27.148666381835938,-0.6517359961108323,0.09910305094245703,-0.18298874681551544
5,27.148666381835938,-0.6517359961108323,0,-0.6517359961108323,-2.7238288639425337
6,27.148666381835938,-0.6517359961108323,-2.7238288639425337,False,False,0
0,27.194812059402466,4.7977082431316376e-05,-0.0007567272987216711,0.002023525070399046
1,27.194812059402466,-0.9786840081214905,-0.02391199953854084,0.05148399993777275
4,27.194812059402466,-0.6652167040340141,-1.399618380930975,-0.17763864251057
5,27.194812059402466,-0.6652167040340141,0,-0.6652167040340141,1.0451638731606585
6,27.194812059402466,-0.6652167040340141,1.0451638731606585,False,False,0
0,27.24376916885376,4.717055708169937e-05,-0.0028461043257266283,0.0037913122214376926
1,27.24376916885376,-0.9728279709815979,-0.022935999557375908,0.02635199949145317
4,27.24376916885376,-0.6719821607268986,-1.3505908580612516,-0.16700387619488136
5,27.24376916885376,-0.6719821607268986,0,-0.6719821607268986,0.6517227052437154
6,27.24376916885376,-0.6719821607268986,0.6517227052437154,False,False,0
0,27.288858652114868,-0.0023719370365142822,0.003534856252372265,-0.00848077517002821
1,27.288858652114868,-0.9842959642410278,-0.008295999839901924,0.0287919994443655
4,27.288858652114868,-0.6886168663638479,-0.48289796985722283,-0.18891342533200045
5,27.288858652114868,-0.6886168663638479,0,-0.6886168663638479,1.9003790955067998
6,27.288858652114868,-0.6886168663638479,1.9003790955067998,False,False,0
0,27.35009241104126,0.003062039613723755,-0.0031188896391540766,0.00662507489323616
1,27.35009241104126,-0.9803919792175293,0.007319999858736992,0.024887999519705772
4,27.35009241104126,-0.63804425184314,0.4277853282638076,-0.1656697744037783
5,27.35009241104126,-0.63804425184314,0,-0.63804425184314,-4.916033299831727
6,27.35009241104126,-0.63804425184314,-4.916033299831727,False,False,0
0,27.421189546585083,-0.002374749630689621,-0.07515742629766464,0.0020965998992323875
1,27.421189546585083,-0.9796599745750427,-0.03245199844241142,0.04440800100564957
4,27.421189546585083,-0.6611978608965982,-1.897273482341749,-0.15712913675351475
5,27.421189546585083,-0.6611978608965982,0,-0.6611978608965982,0.934565972242082
6,27.421189546585083,-0.6611978608965982,0.934565972242082,False,False,0
0,27.496257781982422,0.00037681497633457184,0.07776226103305817,-0.0028083529323339462
1,27.496257781982422,-0.9813680052757263,-0.05929199978709221,0.02781599946320057
4,27.496257781982422,-0.7428818391206173,-3.457476484460923,-0.1692081240713722
5,27.496257781982422,-0.7428818391206173,0,-0.7428818391206173,7.933204575545016
6,27.496257781982422,-0.7428818391206173,7.933204575545016,False,False,0
0,27.568710327148438,-0.0014313142746686935,-0.0751958116889,0.00024183932691812515
1,27.568710327148438,-0.9818559885025024,-0.0056119998916983604,0.029279999434947968
4,27.568710327148438,-0.7315180181226696,-0.327482248638073,-0.16820419459867056
5,27.568710327148438,-0.7315180181226696,0,-0.7315180181226696,0.978036895211148
6,27.568710327148438,-0.7315180181226696,0.978036895211148,False,False,0
0,27.642565727233887,-0.001743490807712078,-0.0006846517790108919,0.0024168696254491806
1,27.642565727233887,-0.9791719913482666,-0.02659599855542183,0.039772000163793564
4,27.642565727233887,-0.7421552553329585,-1.5558695576102703,-0.1579769625197975
5,27.642565727233887,-0.7421552553329585,0,-0.7421552553329585,2.763955183422124
6,27.642565727233887,-0.7421552553329585,2.763955183422124,False,False,0
0,27.713971853256226,-0.0028815288096666336,0.0017203743336722255,-0.0015372959896922112
1,27.713971853256226,-0.9840520024299622,-0.005367999896407127,0.02122800052165985
4,27.713971853256226,-0.7375472579991302,-0.3125451572303023,-0.16426645494927264
